event_id,team,module,priority,build_time_min,deploy_time_min,commit_size_loc,num_bugs,test_coverage_pct,ticket_resolution_h,deploy_status
1,Alpha,auth,media,0.93,5.13,13,0,78.0,3.38,success
2,Delta,ui,alta,0.5,0.3,38,0,84.7,7.54,success
3,Gamma,infra,baja,6.38,5.61,27,0,88.5,7.05,success
4,Beta,db,media,9.73,8.66,74,0,64.2,5.5,success
5,Beta,api,media,0.5,0.3,33,0,51.3,4.28,success
6,Delta,auth,alta,6.58,4.87,43,0,95.9,8.22,success
7,Alpha,infra,critica,2.68,2.25,44,0,87.9,2.2,success
8,Gamma,infra,alta,8.39,6.34,64,0,62.7,2.72,success
9,Alpha,ui,media,0.5,3.46,41,0,86.0,5.33,success
10,Alpha,ui,media,3.37,4.96,26,0,60.3,7.18,success
11,Gamma,api,media,2.72,1.63,72,0,84.3,8.47,success
12,Delta,api,media,9.3,3.32,174,0,85.9,5.69,success
13,Gamma,auth,baja,4.47,4.59,75,0,53.8,6.11,success
14,Delta,auth,media,3.24,1.8,39,0,66.8,3.73,success
15,Gamma,auth,alta,3.43,2.24,60,0,57.2,3.47,success
16,Delta,db,media,7.26,6.41,11,0,74.2,7.92,success
17,Gamma,auth,alta,3.15,2.3,59,0,88.9,6.47,success
18,Alpha,auth,media,5.66,5.66,47,0,51.1,12.43,success
19,Delta,ui,media,4.85,10.69,29,0,95.7,9.69,success
20,Beta,auth,baja,5.69,6.63,34,0,78.7,5.04,success
21,Gamma,auth,baja,0.5,5.16,46,0,47.4,6.21,success
22,Beta,ui,media,9.01,8.18,163,0,66.8,3.03,success
23,Alpha,api,media,8.22,6.62,178,0,38.8,8.15,success
24,Delta,ui,baja,0.5,3.12,29,0,55.9,7.29,success
25,Delta,infra,baja,2.59,4.25,42,0,75.6,10.32,success
26,Gamma,auth,baja,11.39,10.49,43,0,73.9,6.96,success
27,Beta,infra,alta,4.96,4.62,138,0,54.0,2.88,success
28,Delta,infra,alta,3.12,0.3,76,1,71.7,6.12,success
29,Gamma,db,media,5.75,1.28,72,0,67.4,6.42,success
30,Beta,ui,baja,3.62,4.83,108,0,91.3,7.6,success
31,Beta,ui,baja,3.59,0.84,39,0,55.8,6.19,success
32,Alpha,ui,baja,7.67,7.82,228,0,61.3,6.12,success
33,Alpha,ui,media,5.06,7.88,67,0,85.9,9.35,success
34,Gamma,auth,baja,2.71,2.57,31,0,64.7,4.75,success
35,Delta,infra,baja,9.78,10.4,54,0,41.5,8.68,success
36,Alpha,ui,critica,8.18,7.06,202,1,50.7,5.62,success
37,Delta,db,media,2.65,3.15,45,0,65.4,9.33,success
38,Delta,api,alta,9.96,7.66,157,0,88.8,14.47,success
39,Beta,auth,baja,0.5,0.3,38,0,67.1,5.27,success
40,Gamma,ui,baja,8.96,4.48,33,0,36.4,9.8,success
41,Alpha,ui,critica,3.05,0.3,121,0,78.3,6.6,success
42,Delta,api,media,6.67,3.67,30,0,67.9,4.73,success
43,Gamma,api,media,11.34,13.65,140,0,94.6,5.34,success
44,Beta,auth,critica,3.18,0.3,92,0,72.6,4.19,success
45,Alpha,ui,media,1.78,0.3,30,0,,8.24,success
46,Delta,api,baja,3.55,1.62,63,0,77.5,7.95,success
47,Beta,infra,media,5.09,2.66,41,0,61.5,11.75,success
48,Delta,auth,baja,1.58,3.12,91,0,59.2,5.79,success
49,Gamma,api,baja,12.56,7.51,365,0,65.4,7.54,success
50,Delta,api,baja,2.45,2.47,48,0,47.0,8.56,success
51,Delta,ui,alta,1.6,0.34,108,0,79.1,4.79,success
52,Alpha,api,media,1.31,1.1,68,0,,4.38,success
53,Beta,ui,baja,4.42,4.0,68,0,94.7,11.8,success
54,Beta,infra,baja,4.04,3.59,57,0,56.9,8.43,success
55,Beta,api,media,0.64,6.84,31,0,72.2,3.55,success
56,Alpha,ui,critica,4.91,4.38,90,0,78.6,3.28,success
57,Gamma,auth,baja,1.25,1.73,51,0,77.7,5.87,success
58,Alpha,api,baja,6.31,0.3,30,0,40.7,14.38,success
59,Gamma,api,alta,6.62,6.07,166,0,68.6,4.97,success
60,Gamma,auth,alta,8.06,1.4,73,0,49.4,11.1,success
61,Delta,ui,critica,0.5,3.18,54,0,78.6,6.11,success
62,Gamma,ui,baja,9.83,7.75,223,0,74.6,8.91,success
63,Beta,db,baja,4.18,6.0,13,0,75.5,6.22,success
64,Delta,ui,media,7.86,4.63,210,0,64.5,5.83,success
65,Beta,ui,baja,1.28,2.34,30,0,64.1,5.22,success
66,Beta,api,alta,3.97,5.57,81,0,97.0,9.01,success
67,Delta,auth,baja,5.51,2.48,39,1,79.8,16.75,success
68,Beta,auth,media,0.5,3.33,29,0,61.1,7.71,success
69,Alpha,ui,critica,10.37,9.13,218,0,43.3,4.93,success
70,Beta,infra,critica,13.58,9.31,354,0,76.1,4.36,success
71,Delta,auth,media,2.83,7.14,55,0,43.9,13.13,success
72,Alpha,ui,critica,4.13,5.27,90,0,70.3,8.89,success
73,Beta,db,baja,4.29,0.3,70,0,72.8,8.44,success
74,Alpha,db,media,15.84,13.48,317,0,73.1,5.37,success
75,Gamma,ui,baja,3.53,1.97,10,0,75.6,6.38,success
76,Beta,ui,critica,1.99,4.69,94,0,62.3,10.8,success
77,Beta,ui,critica,1.74,3.28,35,0,92.3,3.01,success
78,Alpha,infra,baja,0.5,0.3,8,0,82.3,7.54,success
79,Gamma,auth,baja,0.5,3.31,48,0,68.9,9.57,success
80,Gamma,infra,media,8.46,6.02,352,1,68.5,13.53,success
81,Delta,auth,baja,3.49,2.45,37,1,63.8,14.31,success
82,Beta,db,alta,9.9,6.38,136,0,58.3,5.93,success
83,Alpha,auth,baja,10.48,9.76,196,0,95.5,7.85,success
84,Delta,auth,alta,0.5,0.3,66,0,81.6,5.12,success
85,Gamma,auth,media,1.4,5.12,74,1,44.6,8.39,failed
86,Gamma,api,media,0.5,0.3,14,0,72.7,8.98,success
87,Alpha,api,baja,0.5,2.54,35,0,61.0,6.62,success
88,Beta,auth,critica,6.03,7.05,151,0,91.3,2.36,success
89,Delta,api,media,6.64,7.35,70,0,83.2,4.52,success
90,Delta,api,media,3.99,4.35,93,0,58.3,7.21,success
91,Beta,db,media,0.5,1.28,75,0,90.2,8.77,success
92,Delta,infra,critica,13.73,8.36,480,0,86.2,5.3,success
93,Delta,ui,alta,2.31,0.3,45,0,91.3,5.35,success
94,Beta,auth,alta,12.8,7.47,283,0,64.8,5.57,success
95,Delta,api,media,3.67,1.3,75,0,70.5,4.86,success
96,Beta,infra,alta,13.08,6.53,306,0,84.7,9.14,success
97,Alpha,auth,baja,2.45,7.48,22,0,74.6,5.75,success
98,Gamma,api,alta,5.21,0.33,79,0,81.3,6.7,success
99,Gamma,infra,media,0.5,4.61,47,0,60.5,9.71,success
100,Alpha,infra,media,2.49,0.3,76,0,83.2,7.32,success
101,Delta,api,critica,4.03,1.36,200,0,80.1,6.67,success
102,Alpha,ui,critica,6.39,2.74,94,0,67.6,3.21,success
103,Delta,api,media,7.08,2.97,200,0,81.6,7.49,success
104,Alpha,db,media,0.5,4.11,36,0,54.0,9.44,success
105,Delta,auth,alta,4.48,5.66,32,0,68.5,8.11,success
106,Delta,auth,critica,7.12,5.19,68,0,75.1,7.69,success
107,Delta,ui,alta,1.36,9.08,64,0,91.9,4.97,success
108,Gamma,auth,baja,5.38,4.69,56,0,84.2,11.5,success
109,Beta,ui,baja,2.21,2.98,28,0,66.5,8.17,success
110,Gamma,api,alta,0.5,0.3,196,0,56.6,4.85,success
111,Beta,infra,alta,9.3,5.07,48,0,71.7,11.81,success
112,Delta,db,alta,8.59,5.32,241,0,67.5,2.67,success
113,Gamma,api,media,4.72,6.46,67,0,67.0,6.75,success
114,Beta,db,media,3.73,5.17,120,0,59.5,5.11,success
115,Gamma,api,media,4.26,7.28,110,0,,8.99,success
116,Gamma,api,alta,3.53,1.83,32,1,88.1,6.87,success
117,Alpha,auth,baja,2.07,4.22,93,1,93.7,10.66,success
118,Alpha,infra,media,17.76,12.92,378,0,21.3,5.61,success
119,Alpha,db,alta,6.71,6.61,84,0,78.0,4.93,success
120,Alpha,infra,alta,7.85,4.05,150,0,80.0,4.39,success
121,Beta,infra,baja,5.29,2.08,124,0,76.5,5.38,success
122,Gamma,infra,alta,1.95,4.02,88,0,85.0,5.33,success
123,Gamma,auth,baja,8.01,8.49,79,0,40.5,4.89,success
124,Beta,infra,baja,7.1,4.21,109,0,89.5,7.42,success
125,Delta,ui,media,4.73,5.86,133,0,58.6,6.33,success
126,Gamma,api,baja,0.5,4.8,20,0,86.1,13.25,success
127,Alpha,ui,critica,0.5,0.9,83,0,77.3,5.39,rolled_back
128,Delta,api,critica,3.8,0.3,57,0,79.1,1.93,success
129,Gamma,api,baja,2.53,0.3,47,0,,9.18,success
130,Gamma,auth,alta,12.6,7.37,214,0,66.1,12.1,success
131,Gamma,auth,media,6.52,4.3,34,0,72.0,4.99,success
132,Gamma,api,alta,2.71,3.04,19,0,68.4,5.44,success
133,Alpha,infra,alta,5.87,4.98,136,0,71.2,4.96,success
134,Gamma,ui,media,0.5,1.12,19,0,58.3,6.48,success
135,Delta,ui,baja,5.71,6.62,12,0,49.6,7.59,success
136,Beta,api,baja,6.36,3.41,151,0,79.3,7.49,success
137,Gamma,api,media,6.45,8.53,77,0,83.5,,success
138,Alpha,auth,critica,8.13,8.73,102,0,73.3,4.23,success
139,Beta,db,media,1.65,4.66,45,0,50.0,6.76,success
140,Beta,auth,media,0.5,0.3,19,0,78.4,7.05,success
141,Delta,db,baja,10.49,7.5,23,0,42.4,8.74,success
142,Alpha,db,critica,5.11,6.37,52,0,93.1,9.1,success
143,Beta,ui,baja,1.79,2.07,21,0,67.0,9.65,success
144,Beta,infra,alta,8.36,4.77,88,0,63.3,6.16,success
145,Delta,api,media,2.35,1.06,44,0,31.0,5.79,success
146,Delta,infra,baja,5.4,3.01,79,0,48.8,17.11,success
147,Alpha,db,baja,2.83,0.3,77,0,87.2,4.9,success
148,Alpha,db,media,4.78,11.54,94,0,52.1,7.5,success
149,Delta,ui,baja,4.28,0.3,105,0,58.4,10.35,success
150,Alpha,db,alta,1.51,0.3,49,0,93.6,5.88,success
151,Delta,infra,alta,5.14,6.07,79,0,76.2,4.16,success
152,Beta,api,baja,2.54,1.32,82,0,78.2,9.14,success
153,Delta,db,media,4.03,3.04,7,0,42.9,4.51,success
154,Beta,db,baja,4.66,5.28,119,0,74.3,10.38,success
155,Beta,api,baja,0.5,4.38,76,0,60.9,5.58,success
156,Gamma,infra,alta,7.52,5.33,111,0,47.5,10.55,success
157,Alpha,api,alta,4.29,6.38,21,0,87.8,7.05,success
158,Gamma,ui,alta,11.45,4.13,50,0,49.1,6.01,success
159,Gamma,auth,baja,2.81,1.67,25,0,50.3,7.36,success
160,Delta,auth,media,6.48,6.63,130,0,30.6,6.43,success
161,Delta,db,media,4.08,8.88,19,0,82.0,4.66,success
162,Gamma,api,critica,6.47,2.97,29,0,82.5,4.92,success
163,Beta,api,media,8.11,3.51,108,0,79.6,5.61,success
164,Beta,auth,critica,4.1,4.81,38,0,94.1,3.63,success
165,Beta,api,baja,2.77,3.29,29,0,92.6,16.58,success
166,Delta,db,media,9.19,5.22,151,0,90.6,5.65,success
167,Beta,infra,alta,6.46,2.33,156,0,82.4,5.05,success
168,Alpha,auth,media,2.48,1.7,128,0,75.1,10.05,success
169,Beta,ui,media,1.79,3.88,143,0,55.1,4.65,success
170,Alpha,api,media,2.85,2.38,54,0,97.2,11.3,success
171,Alpha,ui,critica,3.96,6.8,55,0,76.3,4.07,success
172,Alpha,api,baja,9.56,6.9,37,0,85.3,6.08,success
173,Delta,api,critica,3.96,5.38,78,0,73.5,1.88,success
174,Gamma,api,media,3.39,4.23,41,0,78.1,10.63,success
175,Gamma,ui,media,1.92,1.64,45,0,79.2,5.31,success
176,Beta,ui,media,7.28,7.95,114,0,94.8,5.81,success
177,Gamma,api,baja,8.81,3.74,194,0,76.7,7.05,success
178,Alpha,db,critica,3.18,2.02,95,0,69.5,3.51,success
179,Delta,db,critica,8.86,5.78,335,1,60.0,7.72,success
180,Gamma,api,critica,1.63,3.43,35,0,68.8,7.67,success
181,Delta,db,critica,0.5,3.38,13,0,81.5,14.05,success
182,Alpha,infra,media,5.21,2.59,127,0,72.2,,success
183,Beta,auth,media,3.41,1.16,33,0,66.3,6.85,success
184,Gamma,ui,alta,1.79,2.77,52,0,87.1,8.32,success
185,Beta,api,baja,6.78,1.72,14,0,63.5,14.61,success
186,Beta,db,alta,6.38,7.85,30,0,86.3,8.97,success
187,Alpha,auth,media,1.91,2.09,17,0,26.2,7.01,success
188,Beta,ui,media,0.5,0.3,45,0,52.8,7.98,success
189,Alpha,api,media,3.33,0.52,47,0,87.6,11.37,success
190,Beta,ui,media,3.76,4.54,72,0,62.2,3.5,success
191,Gamma,infra,baja,7.9,6.96,204,0,69.6,7.34,success
192,Gamma,api,media,4.29,2.15,123,0,53.9,3.36,success
193,Gamma,infra,media,0.5,1.52,15,0,81.2,4.31,success
194,Beta,infra,baja,5.55,2.01,115,0,,4.41,success
195,Delta,infra,baja,3.11,2.72,74,0,68.0,7.14,success
196,Alpha,auth,media,3.15,7.08,61,0,94.8,12.81,success
197,Beta,db,baja,4.23,9.36,65,0,49.1,11.91,success
198,Alpha,auth,alta,4.22,3.5,80,0,94.1,3.98,success
199,Beta,api,baja,3.3,4.56,36,0,94.9,9.15,success
200,Delta,infra,media,2.46,3.96,57,0,86.1,4.57,success
201,Beta,ui,baja,8.9,2.54,194,0,70.2,8.06,success
202,Delta,ui,media,0.78,0.3,35,0,74.4,12.01,success
203,Beta,api,media,0.5,0.3,26,0,87.6,4.16,success
204,Gamma,db,media,0.75,3.07,63,0,70.9,7.44,success
205,Beta,db,media,0.69,6.78,24,0,73.4,9.08,success
206,Beta,api,media,0.5,4.46,14,0,56.2,5.22,success
207,Delta,infra,baja,0.5,1.91,49,0,60.6,8.61,success
208,Delta,auth,media,10.97,7.84,246,0,67.6,4.82,success
209,Beta,auth,media,7.74,5.26,64,0,77.3,7.02,success
210,Delta,ui,media,6.1,7.81,78,0,80.8,7.02,success
211,Beta,infra,media,0.85,2.55,10,0,57.1,3.99,success
212,Gamma,auth,alta,0.5,1.96,99,0,43.7,2.91,success
213,Delta,auth,media,4.8,1.62,73,0,57.9,3.68,success
214,Beta,auth,baja,0.5,3.3,37,0,93.9,9.38,success
215,Gamma,infra,baja,4.03,3.54,78,0,92.4,8.78,success
216,Beta,auth,baja,1.94,3.66,78,0,60.1,7.93,success
217,Alpha,ui,media,0.5,4.3,26,0,77.9,6.01,success
218,Alpha,infra,alta,8.56,2.55,90,0,76.9,8.52,success
219,Beta,auth,alta,4.11,3.23,196,0,48.3,4.83,success
220,Delta,ui,media,2.5,1.9,54,0,61.0,4.97,success
221,Alpha,ui,baja,2.59,1.73,31,0,67.5,5.48,success
222,Beta,db,alta,2.3,0.3,57,0,81.4,5.65,success
223,Gamma,api,baja,7.96,4.46,144,0,68.0,8.36,success
224,Alpha,api,media,0.73,0.3,22,0,93.3,6.41,success
225,Gamma,auth,alta,6.71,7.59,112,0,67.5,7.95,success
226,Beta,db,media,4.04,4.87,36,0,52.5,5.81,success
227,Delta,db,baja,0.5,2.57,83,0,47.6,19.11,success
228,Gamma,auth,baja,4.03,0.3,40,0,84.2,7.76,success
229,Gamma,api,media,0.5,6.67,40,0,76.6,5.42,success
230,Alpha,infra,baja,6.85,4.59,263,0,46.9,6.8,success
231,Beta,auth,media,3.44,7.93,19,0,82.8,7.65,success
232,Delta,api,media,3.8,5.65,103,0,75.0,15.73,failed
233,Alpha,ui,baja,12.48,8.41,317,0,77.8,6.2,success
234,Delta,api,baja,6.93,10.77,124,0,95.7,9.68,success
235,Beta,api,alta,0.5,3.22,20,1,91.3,9.34,success
236,Gamma,api,media,5.24,4.07,21,0,65.0,12.19,success
237,Gamma,auth,alta,4.03,2.94,34,0,81.9,4.01,success
238,Beta,ui,media,2.55,5.61,77,0,95.1,7.98,success
239,Beta,db,baja,4.05,2.59,82,0,82.4,11.21,success
240,Gamma,ui,media,5.34,3.76,21,0,87.3,8.41,success
241,Alpha,auth,media,2.07,1.25,30,0,91.9,9.49,success
242,Gamma,db,media,10.43,5.87,32,0,34.6,5.71,success
243,Alpha,auth,alta,7.6,4.32,57,0,89.3,6.34,success
244,Gamma,db,critica,14.35,14.54,398,0,73.2,9.21,success
245,Gamma,api,alta,2.07,5.26,29,0,81.4,2.94,success
246,Alpha,db,media,2.36,3.5,28,0,76.8,5.75,success
247,Delta,auth,media,0.82,0.62,24,0,74.1,4.79,success
248,Beta,auth,media,5.92,3.67,118,0,76.0,4.72,success
249,Delta,api,baja,6.09,4.24,64,0,87.9,8.72,success
250,Alpha,auth,alta,0.5,6.27,30,0,34.3,6.56,success
251,Alpha,auth,alta,5.12,5.3,48,0,41.4,4.95,success
252,Beta,db,baja,5.79,6.84,33,0,68.8,,success
253,Alpha,db,critica,6.1,5.66,87,0,60.9,4.6,success
254,Beta,auth,alta,24.02,13.7,747,0,74.0,2.8,success
255,Gamma,infra,media,7.14,6.04,109,0,79.3,4.26,success
256,Alpha,db,critica,7.22,3.14,61,0,86.7,6.69,success
257,Gamma,infra,baja,2.9,6.23,37,0,92.4,5.73,success
258,Alpha,ui,baja,2.66,1.22,20,0,77.0,7.01,success
259,Alpha,ui,baja,11.43,6.93,129,0,82.8,8.98,success
260,Gamma,ui,media,6.77,7.59,123,0,79.7,7.42,success
261,Delta,ui,media,0.5,0.3,44,0,64.6,5.1,success
262,Alpha,infra,critica,10.25,7.1,199,0,,4.78,success
263,Beta,auth,baja,5.25,0.3,68,0,84.2,6.93,success
264,Delta,api,baja,3.95,3.06,134,0,86.0,7.44,success
265,Delta,auth,media,1.12,3.66,87,0,65.0,11.98,success
266,Gamma,infra,baja,4.55,2.66,57,0,70.4,9.16,success
267,Beta,api,alta,2.66,4.49,28,0,86.1,5.34,success
268,Beta,ui,media,0.5,1.76,58,0,68.0,6.65,success
269,Gamma,db,critica,5.95,7.79,142,0,60.8,1.55,success
270,Gamma,infra,media,2.73,1.3,42,0,88.5,20.02,success
271,Beta,auth,baja,4.78,3.76,99,0,78.4,12.14,success
272,Alpha,db,baja,4.03,0.3,25,0,78.2,6.79,success
273,Alpha,infra,baja,1.45,2.14,135,0,95.8,4.87,success
274,Delta,auth,critica,1.13,1.12,88,0,86.1,3.89,success
275,Beta,db,media,1.23,4.64,23,0,67.2,10.06,success
276,Beta,api,media,7.63,4.52,55,0,52.2,9.51,success
277,Beta,ui,baja,13.72,8.67,154,0,85.3,7.74,failed
278,Delta,ui,alta,2.65,1.4,21,0,42.5,13.24,success
279,Alpha,api,baja,2.87,3.29,25,0,92.3,7.25,success
280,Alpha,auth,alta,0.5,6.77,63,0,75.4,4.92,success
281,Beta,auth,alta,18.36,3.77,455,0,90.6,6.86,success
282,Beta,auth,baja,4.43,4.04,36,0,,6.13,success
283,Gamma,ui,media,6.12,8.11,104,0,58.4,5.34,success
284,Beta,api,baja,0.78,0.68,84,0,46.1,9.76,success
285,Beta,auth,media,9.11,8.28,39,0,72.3,4.76,success
286,Delta,ui,critica,9.11,9.91,77,0,69.1,5.96,success
287,Alpha,ui,media,4.12,3.28,45,0,76.0,9.72,success
288,Gamma,ui,alta,6.94,4.03,48,0,84.3,4.71,success
289,Gamma,infra,media,2.63,5.42,15,0,54.2,6.0,success
290,Beta,api,baja,6.41,6.58,65,0,78.5,8.06,success
291,Delta,db,alta,2.37,2.77,150,0,64.2,3.86,success
292,Beta,auth,media,0.5,3.33,70,0,67.6,5.53,success
293,Delta,db,baja,3.33,5.9,178,0,76.8,5.13,success
294,Beta,infra,media,2.94,3.13,112,0,60.3,4.46,success
295,Gamma,db,media,1.62,3.24,63,0,58.7,6.31,success
296,Gamma,ui,alta,4.72,5.64,38,0,61.0,6.63,success
297,Delta,ui,baja,2.48,1.83,43,0,46.8,8.75,success
298,Beta,api,alta,2.45,5.94,18,0,52.0,4.21,success
299,Beta,ui,media,0.5,0.3,52,0,72.1,5.14,success
300,Alpha,db,baja,0.96,1.75,76,0,76.2,6.57,success
301,Beta,infra,baja,11.48,10.31,312,0,83.4,7.73,success
302,Delta,api,alta,3.5,0.96,107,0,83.5,3.55,success
303,Alpha,auth,media,2.94,5.44,31,0,,3.79,success
304,Delta,ui,media,4.26,4.53,18,0,59.0,6.95,success
305,Gamma,auth,baja,9.44,10.48,55,0,89.2,,success
306,Alpha,auth,media,6.09,6.69,138,0,97.5,7.57,success
307,Beta,api,alta,9.09,6.55,55,0,56.7,13.59,success
308,Gamma,db,baja,6.7,6.1,109,0,64.7,6.47,success
309,Beta,auth,critica,5.78,5.64,57,0,64.6,6.03,success
310,Alpha,auth,baja,8.56,11.69,127,0,68.3,4.67,success
311,Gamma,auth,baja,5.02,4.72,16,0,91.8,6.82,failed
312,Gamma,infra,media,7.66,5.75,283,0,81.6,6.78,success
313,Alpha,ui,alta,5.58,4.36,25,0,80.7,2.48,success
314,Beta,auth,baja,4.96,4.95,136,0,55.3,12.55,success
315,Alpha,auth,media,4.35,1.27,52,0,94.0,4.81,success
316,Gamma,ui,baja,4.27,3.11,60,0,69.7,10.29,success
317,Gamma,api,media,7.66,3.57,54,0,70.4,8.11,success
318,Gamma,ui,media,5.91,2.84,84,0,80.6,12.62,success
319,Delta,api,critica,0.65,3.9,101,0,97.4,1.68,success
320,Delta,infra,media,13.8,9.85,173,0,29.0,7.22,success
321,Beta,api,media,11.61,6.61,237,0,56.5,6.22,success
322,Alpha,ui,media,3.26,3.08,90,0,89.4,3.34,success
323,Gamma,auth,baja,7.35,5.29,312,0,76.1,7.22,success
324,Delta,infra,baja,7.19,5.95,73,0,64.0,6.96,success
325,Delta,infra,critica,4.06,0.3,176,0,87.8,2.35,success
326,Alpha,db,baja,7.03,2.99,98,0,77.7,7.07,success
327,Alpha,api,alta,6.02,1.51,41,0,66.7,4.76,success
328,Alpha,auth,baja,2.67,0.85,79,0,97.0,6.49,rolled_back
329,Alpha,db,alta,3.22,1.63,105,0,71.5,6.42,success
330,Gamma,db,baja,2.29,0.3,65,0,84.1,9.87,success
331,Gamma,auth,critica,1.42,4.26,97,0,38.5,3.03,success
332,Beta,api,media,7.04,10.32,145,0,59.5,6.1,success
333,Beta,api,baja,5.07,6.61,65,0,69.8,13.66,success
334,Delta,db,media,4.45,2.76,5,0,89.0,6.08,success
335,Beta,ui,media,8.56,7.16,302,0,95.2,4.78,success
336,Delta,ui,baja,6.18,5.04,51,0,75.9,5.52,success
337,Delta,ui,baja,0.5,0.3,32,0,71.0,9.14,success
338,Beta,api,alta,5.24,7.96,24,0,80.7,4.01,success
339,Alpha,api,alta,0.5,6.82,49,0,45.6,3.71,success
340,Delta,auth,baja,8.15,2.71,40,0,94.6,8.92,success
341,Gamma,db,alta,1.18,5.81,34,0,72.3,3.1,success
342,Beta,api,baja,4.88,2.95,36,0,38.3,8.72,success
343,Gamma,api,baja,7.6,5.4,107,0,58.8,5.58,success
344,Gamma,auth,media,9.97,8.19,415,1,57.9,8.62,success
345,Delta,auth,baja,8.84,10.67,140,0,81.8,5.17,success
346,Beta,ui,baja,5.84,5.71,183,0,87.9,5.89,success
347,Delta,auth,media,2.44,4.0,47,0,89.2,10.11,success
348,Delta,auth,baja,2.07,4.88,73,0,77.0,20.24,success
349,Alpha,db,baja,9.15,9.52,98,0,57.0,7.1,success
350,Alpha,api,alta,0.5,3.08,37,0,55.9,4.61,success
351,Gamma,api,media,4.87,6.97,45,0,71.6,8.7,success
352,Alpha,api,alta,4.69,2.82,144,0,75.2,6.68,success
353,Beta,db,media,10.61,3.53,178,0,90.8,9.54,success
354,Beta,api,media,11.09,12.72,71,0,54.1,7.27,success
355,Delta,db,baja,0.7,0.3,23,0,94.6,11.36,success
356,Delta,infra,alta,3.97,2.55,51,0,77.2,6.2,success
357,Alpha,ui,baja,1.54,1.6,18,0,60.1,13.67,success
358,Delta,api,baja,7.41,4.69,71,0,90.6,9.79,success
359,Alpha,db,alta,3.87,2.01,84,0,93.6,11.0,success
360,Gamma,api,alta,6.76,6.71,52,0,86.0,4.62,success
361,Delta,api,media,3.23,4.62,83,0,50.0,5.8,success
362,Delta,ui,baja,12.0,10.25,97,0,70.2,8.1,failed
363,Alpha,api,baja,0.5,3.19,84,0,100.0,8.27,success
364,Delta,auth,media,3.88,2.79,23,0,70.4,6.21,success
365,Alpha,api,alta,3.56,2.59,53,0,52.4,5.56,success
366,Gamma,auth,media,4.72,7.13,96,0,85.5,5.74,success
367,Beta,api,baja,11.14,6.88,276,0,69.9,8.08,success
368,Beta,ui,baja,3.74,2.39,52,0,66.0,6.53,success
369,Alpha,infra,media,5.84,7.33,109,0,,9.97,success
370,Delta,auth,media,7.7,6.07,147,0,56.7,8.38,success
371,Beta,ui,baja,8.93,5.6,56,0,67.1,8.12,success
372,Gamma,api,baja,0.5,0.56,187,0,53.1,4.98,success
373,Beta,auth,baja,13.45,12.38,197,0,82.9,4.88,success
374,Beta,auth,baja,16.61,12.93,231,0,76.9,,success
375,Delta,auth,media,0.5,2.39,101,0,47.2,4.51,success
376,Alpha,auth,baja,18.86,9.9,558,0,91.9,9.11,success
377,Gamma,api,media,7.98,6.89,38,0,66.6,3.37,success
378,Gamma,api,alta,18.77,12.23,451,0,44.1,12.62,success
379,Beta,ui,critica,11.02,5.83,133,0,92.4,2.31,success
380,Beta,auth,critica,9.81,5.88,223,0,82.8,7.77,success
381,Alpha,auth,baja,0.5,3.54,50,0,,6.84,success
382,Delta,auth,baja,10.41,10.85,143,0,46.2,4.94,success
383,Delta,ui,baja,11.24,5.6,241,0,62.0,7.01,success
384,Alpha,api,alta,6.58,3.12,25,0,83.7,10.4,success
385,Alpha,ui,baja,0.5,3.54,58,0,84.0,6.81,success
386,Alpha,auth,media,0.5,0.78,10,0,52.0,10.82,success
387,Alpha,auth,baja,3.75,5.13,57,0,81.7,7.49,success
388,Delta,infra,baja,7.17,4.75,32,0,92.1,9.5,success
389,Delta,auth,alta,8.74,8.19,55,0,36.3,4.12,success
390,Alpha,auth,media,27.89,14.8,926,0,90.3,4.68,success
391,Gamma,auth,media,9.96,8.85,313,1,36.5,8.19,success
392,Alpha,infra,critica,10.03,2.27,18,0,87.0,5.14,success
393,Beta,ui,baja,3.64,6.0,110,0,56.5,8.9,success
394,Gamma,ui,baja,8.49,6.51,137,0,89.7,6.96,success
395,Gamma,infra,media,1.88,3.73,49,0,79.3,4.87,success
396,Delta,auth,media,5.84,5.6,78,0,60.6,12.31,success
397,Alpha,infra,media,2.29,0.3,85,0,70.7,6.3,success
398,Alpha,auth,baja,0.5,5.22,20,0,55.9,8.59,success
399,Beta,ui,critica,1.67,3.34,26,0,67.1,3.51,success
400,Beta,api,baja,2.7,5.01,78,0,89.3,4.98,success
401,Delta,api,media,3.23,1.44,73,0,49.5,4.63,success
402,Delta,infra,media,4.71,4.93,35,0,77.2,6.13,success
403,Beta,auth,critica,8.66,3.42,33,0,63.5,2.14,success
404,Delta,infra,media,2.0,3.07,62,0,67.0,7.94,success
405,Beta,api,critica,3.47,1.23,148,0,67.0,4.4,success
406,Gamma,ui,baja,3.89,16.35,62,0,73.0,7.12,success
407,Beta,infra,media,8.06,7.85,287,0,50.1,3.42,success
408,Alpha,auth,alta,0.5,5.13,36,0,73.9,5.21,success
409,Delta,infra,media,7.73,5.51,79,0,45.7,6.66,success
410,Alpha,ui,media,3.65,4.69,48,0,78.5,4.45,success
411,Alpha,db,critica,5.86,7.28,113,0,51.7,3.36,success
412,Alpha,auth,baja,0.5,0.3,33,0,59.7,7.81,success
413,Beta,ui,media,11.59,6.77,378,0,49.1,4.56,success
414,Alpha,ui,alta,0.5,4.23,15,0,82.0,4.23,success
415,Alpha,api,critica,11.31,7.74,312,0,78.7,2.96,success
416,Gamma,auth,critica,4.63,2.41,72,0,89.3,5.97,success
417,Delta,auth,alta,5.72,3.35,110,0,60.8,8.83,success
418,Alpha,infra,baja,6.92,2.6,222,0,53.4,7.88,success
419,Beta,auth,critica,3.76,0.3,144,0,70.9,3.73,success
420,Gamma,db,media,2.37,0.3,35,0,67.5,8.31,success
421,Delta,infra,media,6.55,5.54,114,0,72.9,3.75,success
422,Gamma,auth,media,10.7,9.6,358,0,66.4,6.05,success
423,Delta,auth,alta,0.5,8.1,30,0,48.7,9.08,success
424,Gamma,ui,media,12.31,8.78,449,1,92.2,8.91,success
425,Beta,auth,alta,2.84,0.3,94,0,80.8,,success
426,Alpha,ui,baja,2.17,2.73,45,0,52.5,9.77,success
427,Delta,ui,baja,0.5,3.56,30,0,71.5,,success
428,Delta,ui,media,2.24,5.42,55,0,81.6,4.59,success
429,Alpha,api,baja,5.55,7.16,11,0,80.6,6.34,success
430,Gamma,ui,media,2.34,4.34,46,0,60.2,7.82,success
431,Alpha,ui,baja,0.5,2.04,53,0,99.6,8.94,success
432,Gamma,auth,media,0.5,3.64,25,0,72.2,6.39,success
433,Delta,ui,baja,11.73,5.58,131,0,77.8,4.74,success
434,Alpha,infra,baja,6.62,0.45,55,0,82.2,5.24,success
435,Beta,ui,media,3.99,9.13,38,0,54.0,5.98,success
436,Alpha,api,baja,6.53,5.3,50,0,44.8,6.04,success
437,Gamma,api,baja,6.62,6.81,92,0,86.1,5.46,success
438,Delta,auth,baja,3.89,0.3,71,0,82.2,5.47,success
439,Alpha,auth,baja,0.5,5.66,35,0,57.3,16.48,success
440,Beta,auth,media,9.98,10.38,75,0,,6.85,success
441,Delta,infra,baja,2.54,0.3,64,0,77.7,8.98,success
442,Beta,auth,media,1.57,1.65,24,0,81.0,5.65,success
443,Alpha,db,media,3.63,4.34,51,0,88.5,9.17,success
444,Beta,auth,media,5.52,1.65,112,0,66.3,7.48,success
445,Gamma,api,media,7.39,7.16,112,0,59.8,6.6,success
446,Gamma,api,baja,5.24,7.26,54,0,74.7,7.86,success
447,Beta,api,critica,3.96,4.69,123,0,69.4,2.89,success
448,Delta,db,media,2.92,0.3,28,0,40.5,4.61,success
449,Gamma,infra,baja,4.76,1.76,28,0,30.0,7.99,success
450,Beta,infra,critica,1.6,2.15,53,0,89.5,6.9,success
451,Delta,auth,media,14.28,9.44,257,0,82.0,10.23,success
452,Delta,db,media,4.25,3.48,77,0,60.5,8.09,success
453,Beta,auth,alta,8.36,5.85,52,0,86.0,9.89,success
454,Alpha,infra,baja,6.41,0.84,268,0,75.7,11.18,success
455,Gamma,ui,alta,5.87,7.04,52,0,77.7,4.94,success
456,Gamma,api,media,13.8,11.35,498,0,73.7,12.05,success
457,Alpha,auth,media,1.6,3.77,42,0,,6.26,success
458,Gamma,auth,baja,6.0,6.17,27,0,73.3,7.3,success
459,Delta,auth,baja,2.99,2.58,57,0,92.2,9.0,success
460,Alpha,infra,critica,10.37,6.2,53,0,46.3,8.42,success
461,Gamma,db,baja,4.79,1.83,32,0,45.7,6.14,success
462,Alpha,infra,baja,21.0,17.96,694,0,57.2,7.45,success
463,Gamma,auth,media,6.5,5.35,89,0,81.0,5.82,success
464,Beta,ui,alta,4.32,0.3,101,0,,3.56,success
465,Alpha,api,baja,5.49,4.72,44,0,97.0,6.14,success
466,Delta,ui,alta,2.26,0.3,40,0,84.5,3.62,success
467,Alpha,api,media,8.1,6.98,168,0,87.4,7.64,success
468,Gamma,api,alta,3.15,3.75,15,0,,4.82,success
469,Alpha,ui,baja,2.92,1.9,24,0,78.5,6.59,success
470,Delta,auth,baja,6.88,3.28,53,0,84.0,8.47,success
471,Gamma,api,media,2.39,4.34,225,0,88.2,7.35,success
472,Delta,ui,baja,3.75,3.54,48,0,83.4,11.18,success
473,Beta,auth,media,2.81,0.3,97,0,77.7,3.51,success
474,Beta,infra,baja,0.5,4.81,68,0,96.3,10.26,success
475,Gamma,ui,alta,5.46,2.43,214,0,35.3,3.49,success
476,Delta,db,alta,0.52,0.3,16,1,91.7,8.95,success
477,Delta,ui,alta,5.13,7.97,129,0,72.9,3.4,success
478,Alpha,db,critica,4.56,6.88,56,0,49.7,6.24,success
479,Gamma,db,critica,8.5,5.55,153,0,67.2,3.26,success
480,Alpha,infra,media,1.89,0.3,32,0,86.0,7.53,success
481,Beta,ui,media,8.79,4.5,68,0,61.3,4.8,success
482,Delta,api,alta,2.66,2.0,61,0,75.9,2.8,success
483,Beta,auth,critica,0.5,4.84,27,0,53.6,3.05,success
484,Delta,ui,critica,1.54,5.66,21,0,55.2,5.55,success
485,Beta,auth,alta,3.34,3.92,40,0,80.2,4.77,success
486,Alpha,auth,baja,0.5,3.43,75,0,67.6,9.66,success
487,Beta,auth,critica,6.64,4.96,34,0,51.4,4.16,success
488,Gamma,ui,critica,3.15,1.21,50,0,61.4,5.11,success
489,Delta,auth,media,0.5,0.3,12,0,91.1,3.84,success
490,Gamma,ui,alta,0.5,2.61,48,0,77.6,6.47,rolled_back
491,Delta,db,media,9.45,9.42,168,0,76.7,8.88,success
492,Delta,db,critica,8.57,5.37,126,0,83.7,1.7,success
493,Delta,api,baja,1.81,5.55,62,0,86.6,5.28,success
494,Gamma,ui,alta,0.5,0.84,83,0,55.5,12.08,success
495,Beta,ui,baja,3.35,3.72,32,0,88.4,8.0,success
496,Beta,api,baja,11.58,7.9,288,0,74.6,6.91,success
497,Alpha,ui,baja,16.34,14.4,429,0,94.0,6.64,success
498,Beta,auth,media,2.62,4.3,77,0,92.0,3.2,failed
499,Delta,infra,baja,22.22,14.69,687,1,69.9,14.79,success
500,Beta,auth,critica,3.14,3.58,36,0,34.8,3.78,success
501,Alpha,db,media,5.18,1.64,22,0,74.9,6.39,success
502,Gamma,ui,alta,7.74,0.56,35,0,71.1,8.02,success
503,Delta,auth,baja,8.7,5.39,55,0,80.4,7.14,success
504,Delta,db,baja,22.13,14.29,534,1,50.3,16.49,success
505,Beta,auth,alta,9.0,8.23,52,1,88.6,5.62,success
506,Beta,db,alta,5.97,4.67,31,0,92.7,6.28,success
507,Gamma,ui,media,0.82,0.82,30,0,67.3,5.12,success
508,Alpha,auth,alta,11.58,1.08,186,0,95.7,6.4,success
509,Beta,auth,alta,2.79,4.49,164,0,90.4,4.78,success
510,Alpha,db,media,9.46,7.7,43,0,98.1,10.01,success
511,Delta,api,critica,0.5,3.83,12,0,72.3,6.42,success
512,Gamma,infra,alta,5.85,5.08,24,0,91.4,4.28,success
513,Delta,db,media,15.98,13.96,314,0,80.8,5.03,success
514,Delta,ui,media,7.17,4.43,124,0,79.1,7.14,success
515,Delta,api,baja,0.5,1.7,71,0,76.0,7.02,success
516,Alpha,db,baja,10.3,8.28,359,0,82.0,7.92,success
517,Delta,infra,alta,14.8,12.03,389,0,96.0,6.81,success
518,Alpha,auth,alta,5.61,5.91,65,0,62.3,8.13,success
519,Beta,api,baja,3.44,4.76,66,0,48.8,6.71,success
520,Gamma,auth,media,3.43,4.23,39,0,96.1,4.59,success
521,Beta,api,baja,0.5,1.32,52,0,78.1,11.27,success
522,Alpha,db,baja,7.17,8.06,18,0,78.1,10.12,success
523,Alpha,api,critica,1.52,0.3,17,0,34.6,5.55,success
524,Delta,ui,media,4.91,2.87,14,0,70.5,7.93,success
525,Beta,api,baja,11.52,12.39,177,0,88.7,7.28,success
526,Beta,auth,media,0.5,0.3,16,0,51.5,7.82,success
527,Delta,api,media,13.98,9.69,386,0,94.9,10.87,success
528,Alpha,infra,alta,3.78,7.24,35,0,63.1,3.52,success
529,Delta,ui,critica,10.73,7.62,318,0,69.5,2.93,success
530,Delta,api,media,6.37,3.24,48,0,32.4,8.24,success
531,Gamma,db,media,0.5,4.8,16,0,66.2,3.39,success
532,Alpha,auth,media,8.5,5.88,212,0,59.5,11.19,success
533,Alpha,api,media,8.08,5.8,235,0,37.7,12.29,success
534,Beta,auth,baja,9.88,2.48,30,0,74.0,5.8,success
535,Gamma,infra,baja,1.13,1.86,49,0,67.3,5.82,success
536,Alpha,db,alta,4.84,6.11,30,0,68.5,2.27,success
537,Beta,ui,media,9.19,5.94,60,0,83.5,4.59,success
538,Alpha,auth,media,1.79,0.3,73,0,84.4,6.23,success
539,Gamma,auth,baja,3.81,2.58,49,0,85.7,4.85,success
540,Alpha,ui,alta,0.5,0.3,13,0,81.2,8.44,success
541,Gamma,api,baja,0.5,1.17,40,0,87.7,10.23,success
542,Alpha,infra,media,3.73,2.44,126,0,,6.84,success
543,Alpha,db,alta,2.16,6.96,55,0,88.3,4.19,success
544,Alpha,api,media,2.17,3.56,50,0,61.4,4.87,success
545,Delta,db,critica,1.92,0.3,29,0,87.4,6.25,success
546,Alpha,infra,baja,3.19,3.59,39,0,64.5,11.49,success
547,Beta,api,alta,5.52,4.71,237,0,97.7,4.18,success
548,Gamma,ui,critica,3.96,6.86,24,0,70.4,8.64,success
549,Gamma,infra,media,10.12,7.18,128,0,88.4,7.42,success
550,Gamma,auth,media,8.8,6.32,70,0,70.2,10.58,success
551,Delta,infra,media,3.67,8.36,83,1,58.5,9.51,success
552,Beta,auth,alta,5.7,2.25,34,0,68.1,3.19,success
553,Delta,ui,critica,1.32,4.29,49,0,57.3,8.78,success
554,Beta,db,alta,2.95,3.43,66,0,50.0,4.04,success
555,Delta,ui,critica,4.52,2.96,42,0,69.0,7.64,success
556,Gamma,api,media,3.52,1.99,90,0,91.1,3.39,success
557,Gamma,ui,media,0.57,5.24,101,0,47.4,6.36,success
558,Delta,auth,baja,18.76,13.92,471,1,88.0,14.25,success
559,Delta,auth,alta,1.96,4.18,86,0,15.4,5.9,success
560,Delta,api,alta,0.72,4.16,12,0,65.3,5.96,success
561,Gamma,ui,media,11.43,9.21,190,0,31.2,6.02,success
562,Alpha,api,baja,5.08,1.9,56,0,92.1,7.03,success
563,Beta,auth,media,14.77,6.43,408,0,98.0,7.16,success
564,Alpha,infra,alta,5.7,8.77,251,0,63.9,9.25,success
565,Delta,api,critica,0.5,2.32,42,0,80.2,3.13,success
566,Alpha,api,baja,6.88,5.83,128,0,69.8,9.41,success
567,Alpha,api,baja,4.81,8.9,39,0,83.3,5.33,success
568,Alpha,auth,media,4.67,1.64,67,0,96.9,7.69,success
569,Gamma,db,baja,4.02,0.3,123,0,81.2,6.45,success
570,Gamma,api,critica,5.67,0.37,182,0,86.0,2.88,success
571,Delta,auth,media,7.15,4.46,149,0,73.5,7.09,success
572,Beta,infra,media,0.5,2.09,71,0,62.1,10.93,success
573,Beta,db,baja,20.97,17.56,623,2,61.6,16.88,success
574,Alpha,db,media,0.5,3.91,48,0,85.8,4.23,success
575,Alpha,infra,critica,0.5,0.3,16,0,90.7,4.53,success
576,Beta,infra,media,3.1,10.36,19,0,63.1,4.74,success
577,Delta,api,baja,11.37,7.3,251,0,88.9,7.62,success
578,Gamma,ui,baja,5.07,7.61,62,1,84.9,12.29,success
579,Delta,ui,critica,0.79,3.34,77,0,63.4,2.45,success
580,Alpha,api,critica,0.5,1.81,41,0,64.9,3.15,success
581,Alpha,auth,baja,3.3,2.89,44,0,87.2,10.7,success
582,Delta,auth,media,0.5,0.3,33,0,93.8,5.72,success
583,Alpha,ui,baja,7.52,2.79,102,0,85.8,7.43,success
584,Alpha,db,media,1.01,1.69,61,0,40.5,4.68,failed
585,Beta,db,baja,11.67,5.03,99,0,,8.27,success
586,Delta,api,alta,1.69,6.63,91,0,95.8,7.47,success
587,Gamma,auth,critica,4.98,4.73,45,0,51.2,4.82,success
588,Alpha,api,baja,0.62,7.1,18,0,99.9,6.83,success
589,Delta,ui,media,1.98,1.6,17,0,73.2,9.03,success
590,Delta,infra,baja,33.06,19.86,1016,1,83.7,13.12,success
591,Delta,infra,baja,12.28,10.35,252,0,95.4,11.23,success
592,Delta,infra,baja,11.91,8.0,223,0,83.7,9.09,success
593,Alpha,infra,baja,4.98,6.92,36,0,46.3,6.78,success
594,Delta,infra,critica,7.29,9.47,67,0,64.2,2.07,success
595,Beta,api,baja,1.11,4.91,32,0,79.9,9.18,success
596,Delta,auth,alta,4.65,7.7,20,0,94.0,9.16,success
597,Gamma,auth,baja,1.97,4.73,39,0,47.8,5.64,success
598,Delta,api,media,11.71,7.15,220,0,94.6,6.08,success
599,Gamma,api,media,6.67,8.35,142,0,54.3,7.94,success
600,Gamma,auth,critica,5.03,6.26,28,0,74.5,3.79,success
601,Gamma,infra,baja,4.53,2.67,50,0,70.7,7.55,success
602,Delta,auth,baja,8.33,5.27,131,0,83.8,13.11,success
603,Gamma,infra,alta,0.5,1.57,40,0,82.8,6.13,success
604,Alpha,db,alta,0.5,4.58,72,0,31.2,,success
605,Delta,ui,media,8.0,6.59,96,0,70.3,6.31,success
606,Gamma,ui,baja,9.6,7.25,95,0,79.7,7.56,success
607,Beta,api,baja,4.17,3.6,84,0,88.3,5.66,success
608,Gamma,ui,alta,5.97,4.2,37,0,44.1,13.3,success
609,Delta,auth,media,0.5,0.3,41,0,61.8,3.29,success
610,Delta,infra,media,0.76,3.94,24,0,59.8,3.88,success
611,Delta,api,baja,2.74,0.6,16,0,88.8,5.62,success
612,Beta,api,baja,0.5,1.97,60,0,77.2,5.09,success
613,Delta,db,critica,1.34,1.28,139,0,94.3,1.81,success
614,Beta,ui,alta,3.04,5.24,19,0,87.3,11.02,success
615,Gamma,api,baja,2.41,2.09,85,0,33.1,9.36,success
616,Gamma,ui,critica,4.83,1.88,135,0,46.0,7.41,success
617,Alpha,auth,media,1.33,4.77,13,0,48.1,5.46,success
618,Beta,ui,baja,0.5,0.3,52,0,84.3,11.48,success
619,Alpha,api,media,10.22,8.02,293,0,81.1,7.98,success
620,Alpha,api,alta,5.26,7.84,110,0,72.8,4.48,success
621,Beta,auth,media,0.61,0.3,12,0,83.9,7.61,success
622,Beta,api,media,4.13,3.72,121,0,80.3,3.99,success
623,Alpha,api,alta,2.49,1.92,34,0,87.3,6.23,success
624,Beta,api,baja,8.18,6.74,124,0,84.2,7.08,success
625,Gamma,auth,critica,2.75,2.98,36,0,58.6,10.05,success
626,Alpha,auth,media,0.5,4.1,64,0,83.5,9.53,success
627,Beta,ui,media,0.5,0.3,41,0,88.1,3.98,success
628,Beta,auth,media,6.81,8.77,67,0,90.9,4.56,success
629,Gamma,ui,media,0.78,5.98,40,0,50.3,14.52,success
630,Beta,infra,media,3.38,4.17,55,0,87.6,5.45,success
631,Gamma,api,media,9.48,5.21,23,0,56.6,3.95,success
632,Beta,infra,critica,7.02,5.61,104,0,57.3,6.53,success
633,Beta,auth,alta,0.5,1.49,78,0,74.0,10.11,success
634,Beta,auth,alta,6.81,10.02,16,0,49.8,4.89,success
635,Alpha,db,baja,7.28,5.61,163,0,80.0,8.7,success
636,Gamma,db,media,5.01,7.96,57,0,55.7,6.1,success
637,Alpha,db,media,5.1,4.84,77,0,64.6,8.38,success
638,Beta,auth,baja,8.73,6.85,133,0,83.2,5.94,success
639,Delta,db,alta,4.45,3.28,90,0,67.9,6.0,success
640,Delta,api,baja,3.02,2.66,190,0,60.1,10.62,success
641,Gamma,api,baja,4.67,6.53,51,0,43.5,6.58,success
642,Delta,auth,baja,2.71,1.3,169,0,51.6,,success
643,Delta,infra,baja,9.96,9.88,74,0,69.5,9.4,success
644,Beta,auth,baja,4.06,7.54,105,0,47.2,5.42,success
645,Delta,db,media,4.72,2.85,96,0,89.1,4.79,success
646,Beta,ui,media,6.09,8.17,204,0,95.3,8.65,success
647,Beta,db,baja,6.86,8.24,128,1,62.8,11.57,success
648,Gamma,db,baja,4.95,6.64,45,0,78.6,4.51,success
649,Delta,infra,alta,0.97,0.49,37,0,58.8,5.78,success
650,Delta,auth,baja,5.35,4.41,64,0,73.6,7.68,success
651,Beta,auth,media,3.22,3.13,34,0,,8.45,success
652,Gamma,ui,media,2.44,8.19,26,0,61.7,10.61,success
653,Alpha,api,media,0.5,1.77,10,0,59.0,6.5,success
654,Delta,auth,alta,9.82,6.93,17,0,80.4,6.3,success
655,Gamma,auth,media,18.11,9.5,398,0,95.9,3.91,success
656,Gamma,api,critica,5.68,2.48,37,0,69.3,3.7,success
657,Delta,auth,alta,16.66,9.79,370,0,51.8,15.64,success
658,Gamma,auth,baja,5.94,5.97,96,0,92.4,9.06,success
659,Alpha,infra,baja,3.01,0.3,64,0,85.0,12.01,success
660,Beta,api,baja,0.5,0.3,17,0,,6.69,success
661,Alpha,infra,media,0.83,0.3,67,0,54.5,5.19,success
662,Gamma,infra,media,20.62,17.38,366,0,66.1,5.14,success
663,Alpha,auth,baja,13.16,9.66,271,0,84.0,10.48,success
664,Alpha,db,baja,5.08,5.32,85,0,84.9,7.07,success
665,Gamma,ui,media,0.5,0.3,24,0,71.5,3.88,success
666,Gamma,ui,media,5.08,7.45,28,0,68.9,6.06,success
667,Gamma,auth,media,1.95,6.43,31,0,82.1,5.24,success
668,Delta,auth,critica,10.53,7.99,211,0,41.5,7.75,success
669,Delta,auth,baja,7.19,4.62,290,0,89.5,15.27,success
670,Alpha,ui,media,3.12,4.75,80,0,64.2,3.9,success
671,Delta,infra,critica,6.33,7.13,51,0,50.7,6.17,success
672,Gamma,ui,media,16.87,13.8,269,0,67.7,10.19,success
673,Gamma,db,media,0.52,3.47,28,0,67.4,8.66,success
674,Alpha,infra,media,1.49,4.8,70,0,86.6,5.21,success
675,Gamma,ui,baja,8.64,4.95,101,0,72.2,6.85,success
676,Gamma,auth,alta,0.5,4.08,31,0,68.4,5.51,success
677,Gamma,infra,media,0.5,0.67,38,0,85.3,4.92,success
678,Alpha,api,media,3.74,0.3,35,0,91.8,6.93,success
679,Gamma,auth,media,16.53,10.26,239,0,62.8,11.17,success
680,Delta,ui,media,10.54,6.44,374,0,51.0,7.92,success
681,Gamma,infra,baja,2.91,3.85,74,0,83.4,4.88,success
682,Alpha,api,alta,3.85,5.9,52,0,53.2,5.21,success
683,Delta,api,media,1.68,2.99,39,0,41.5,13.33,success
684,Delta,auth,baja,0.5,6.82,67,0,72.0,5.93,success
685,Alpha,auth,media,5.32,3.38,41,0,95.1,8.65,success
686,Delta,auth,critica,4.42,0.3,61,0,73.9,2.43,success
687,Beta,db,media,6.01,5.8,97,0,61.9,7.89,success
688,Gamma,infra,media,2.88,1.87,46,0,93.5,5.65,success
689,Beta,auth,media,8.22,3.72,56,0,87.2,11.87,success
690,Delta,api,alta,2.09,2.01,56,0,71.4,10.93,success
691,Delta,auth,media,0.5,0.3,50,0,,3.94,success
692,Delta,auth,alta,8.6,4.95,45,0,49.5,5.15,success
693,Delta,ui,baja,0.5,5.61,132,0,72.2,6.64,success
694,Delta,ui,critica,1.93,2.97,14,1,54.8,8.34,success
695,Alpha,ui,critica,10.05,6.87,275,0,70.4,4.11,success
696,Beta,api,media,3.91,7.84,75,0,78.3,11.23,success
697,Gamma,ui,media,0.5,1.06,115,0,76.0,5.75,success
698,Gamma,auth,baja,1.66,0.3,128,0,77.0,7.97,success
699,Alpha,auth,media,5.55,1.51,35,0,61.0,5.95,success
700,Alpha,infra,baja,6.48,5.19,29,0,49.0,9.77,success
701,Gamma,db,baja,1.31,0.3,26,0,64.0,13.45,failed
702,Gamma,infra,critica,0.5,0.3,53,0,47.2,7.59,success
703,Alpha,infra,baja,1.09,1.2,125,0,40.4,6.8,success
704,Alpha,ui,media,5.62,7.7,39,0,62.1,4.21,success
705,Alpha,infra,baja,8.06,9.57,115,0,41.9,6.11,success
706,Gamma,api,media,0.5,3.45,8,0,29.1,10.76,success
707,Alpha,auth,media,0.5,1.79,47,1,93.0,10.87,success
708,Gamma,auth,baja,8.21,5.0,191,0,52.8,8.36,success
709,Beta,auth,media,4.51,5.18,57,0,74.1,9.13,success
710,Beta,auth,critica,1.53,6.87,32,0,80.7,4.67,success
711,Gamma,api,media,2.99,3.65,37,0,85.9,9.7,success
712,Gamma,db,critica,1.25,1.09,4,0,51.4,4.17,success
713,Gamma,db,media,2.9,2.85,27,0,80.3,5.5,failed
714,Delta,ui,media,4.35,3.44,173,0,92.6,4.35,success
715,Delta,auth,baja,3.13,4.75,39,0,88.8,4.6,success
716,Delta,db,baja,1.19,0.3,44,0,55.8,8.13,success
717,Gamma,api,alta,0.5,2.82,8,0,89.3,7.96,failed
718,Beta,auth,media,0.5,3.22,15,0,89.1,8.83,success
719,Alpha,api,media,7.39,6.79,195,0,83.0,10.97,success
720,Gamma,api,alta,8.31,3.77,116,0,57.2,5.38,success
721,Alpha,api,baja,1.78,2.19,21,0,69.5,12.09,success
722,Delta,db,alta,2.02,1.4,38,0,85.3,5.7,success
723,Delta,db,baja,7.92,6.07,65,0,86.8,5.53,success
724,Alpha,ui,critica,5.36,3.05,23,0,82.2,6.01,success
725,Delta,auth,baja,7.81,9.29,11,0,47.0,5.61,success
726,Alpha,db,baja,9.63,7.75,58,0,86.8,7.48,success
727,Gamma,ui,media,5.57,0.8,112,0,51.2,10.03,success
728,Alpha,auth,baja,2.4,0.3,114,1,29.8,10.03,success
729,Beta,ui,critica,4.85,7.42,147,0,58.3,4.94,success
730,Gamma,api,media,4.5,3.75,16,0,48.5,4.96,success
731,Gamma,api,baja,9.18,6.03,70,0,72.6,11.25,success
732,Beta,auth,baja,0.5,4.62,52,0,74.2,14.01,rolled_back
733,Delta,ui,critica,4.67,3.92,62,0,81.8,4.0,success
734,Delta,auth,media,1.15,0.3,55,0,37.5,8.36,success
735,Alpha,auth,alta,2.73,0.32,37,0,58.2,3.05,success
736,Gamma,auth,baja,1.55,4.0,4,0,54.0,8.5,success
737,Gamma,infra,critica,9.05,12.0,190,0,65.8,2.73,success
738,Beta,api,media,10.8,10.08,90,0,43.0,4.7,success
739,Gamma,api,media,4.22,3.08,18,0,53.1,6.11,success
740,Delta,api,media,3.7,3.15,102,0,90.0,4.72,success
741,Delta,infra,baja,1.47,2.5,45,0,64.5,8.63,success
742,Delta,ui,critica,2.78,0.3,46,0,73.7,4.68,success
743,Gamma,infra,critica,0.5,1.86,33,0,77.2,3.28,success
744,Beta,api,media,5.66,6.36,108,0,83.8,4.95,success
745,Delta,auth,critica,0.5,6.23,32,0,92.8,6.16,success
746,Beta,ui,baja,2.12,5.5,25,0,,10.0,success
747,Gamma,api,baja,7.08,10.57,185,0,72.3,7.93,success
748,Beta,db,baja,0.5,6.0,57,0,86.4,9.69,success
749,Beta,infra,media,2.59,6.54,58,0,63.8,4.38,success
750,Alpha,api,baja,8.64,6.75,124,0,87.7,5.77,success
751,Delta,infra,media,6.87,6.48,37,0,91.8,5.15,success
752,Alpha,ui,baja,1.93,0.3,44,0,88.2,5.48,success
753,Alpha,api,alta,6.01,5.43,88,0,88.4,2.36,success
754,Delta,api,alta,0.5,3.22,17,0,70.0,4.96,success
755,Gamma,auth,media,3.38,2.82,81,0,61.3,4.85,success
756,Beta,db,baja,3.71,0.3,34,1,40.9,12.3,success
757,Gamma,auth,alta,11.71,12.48,144,0,63.7,3.79,success
758,Beta,api,baja,8.85,7.83,109,0,61.6,6.6,success
759,Alpha,ui,alta,5.46,9.08,97,0,75.2,5.55,success
760,Gamma,auth,media,0.5,3.66,16,0,72.5,8.31,success
761,Alpha,auth,media,7.37,9.34,61,0,57.7,10.53,success
762,Gamma,ui,baja,1.49,5.3,23,0,93.2,6.96,success
763,Delta,auth,alta,5.37,3.02,65,0,40.0,3.92,success
764,Delta,api,critica,1.85,1.34,8,0,56.2,1.88,success
765,Beta,api,media,8.49,5.52,17,0,47.4,15.14,success
766,Delta,auth,critica,5.89,2.62,194,0,88.4,6.92,success
767,Gamma,auth,critica,8.02,10.72,93,0,77.1,5.05,failed
768,Beta,db,baja,3.21,3.53,49,0,80.2,5.22,success
769,Alpha,infra,alta,4.35,5.26,29,0,97.2,2.43,success
770,Beta,auth,baja,7.61,2.74,25,0,70.6,4.85,success
771,Gamma,infra,media,0.5,3.85,80,0,84.7,5.21,success
772,Delta,ui,baja,3.26,2.43,49,0,84.4,6.09,success
773,Alpha,ui,critica,7.71,9.28,268,0,69.0,2.97,success
774,Gamma,db,alta,5.25,2.94,56,0,84.0,4.1,success
775,Delta,db,baja,6.28,8.6,70,0,85.5,10.57,success
776,Delta,db,media,1.08,4.5,19,0,79.2,4.01,success
777,Beta,api,media,1.87,1.46,48,0,66.3,4.32,success
778,Alpha,ui,alta,4.87,7.97,78,0,55.1,3.47,success
779,Beta,api,critica,0.5,4.67,48,0,82.2,3.36,success
780,Delta,auth,baja,4.34,5.33,43,0,65.2,4.87,success
781,Delta,ui,media,2.09,0.3,89,0,95.8,7.72,success
782,Gamma,auth,media,12.42,10.95,261,0,64.3,4.8,success
783,Alpha,api,media,0.84,2.17,76,0,80.5,5.9,success
784,Alpha,auth,media,6.13,5.3,187,0,87.5,6.32,success
785,Beta,auth,baja,3.26,3.64,117,0,73.1,6.68,success
786,Gamma,ui,baja,6.26,5.18,177,0,59.7,9.99,success
787,Alpha,ui,media,6.76,3.39,39,0,85.9,10.39,success
788,Gamma,api,critica,6.64,1.7,55,0,73.8,2.31,success
789,Gamma,auth,baja,1.99,0.3,56,0,81.0,5.93,success
790,Alpha,api,baja,4.02,4.66,109,0,64.5,5.64,success
791,Alpha,api,alta,8.39,0.47,136,0,56.2,2.97,success
792,Beta,db,critica,0.76,3.77,75,0,50.2,6.37,success
793,Gamma,ui,media,6.49,6.66,147,0,69.5,7.42,success
794,Delta,api,baja,1.29,1.52,40,0,93.8,5.98,success
795,Beta,api,media,5.92,7.62,148,0,76.8,4.72,success
796,Beta,infra,media,9.41,6.5,166,0,60.4,6.77,success
797,Delta,db,media,3.58,4.69,123,0,52.9,5.61,success
798,Beta,api,baja,7.17,0.91,75,0,57.5,8.02,success
799,Beta,api,baja,12.41,3.34,127,0,70.5,6.22,success
800,Beta,auth,baja,4.71,3.74,30,0,71.5,7.75,success
801,Alpha,infra,alta,4.18,5.07,80,0,80.6,8.09,success
802,Beta,api,media,8.08,8.72,87,0,44.3,5.92,success
803,Gamma,api,baja,0.5,1.36,20,0,67.8,12.9,success
804,Delta,infra,media,9.86,8.03,102,0,34.6,6.88,success
805,Gamma,db,alta,0.5,3.77,22,0,55.5,2.49,success
806,Delta,auth,baja,10.2,7.3,45,0,61.4,6.93,success
807,Gamma,auth,media,1.54,3.89,69,0,55.3,7.9,success
808,Alpha,auth,media,4.78,1.55,35,0,87.1,7.21,success
809,Beta,ui,media,0.5,0.3,72,0,60.3,7.84,success
810,Delta,auth,critica,3.46,2.24,71,0,79.1,4.66,success
811,Alpha,infra,alta,0.5,3.74,32,0,42.1,10.5,success
812,Delta,infra,baja,0.78,0.3,111,0,70.9,9.49,success
813,Gamma,ui,baja,7.27,7.49,34,0,68.5,7.45,success
814,Beta,ui,baja,14.01,7.34,523,0,50.1,8.09,success
815,Delta,api,baja,1.48,0.93,60,0,90.2,15.63,success
816,Delta,auth,media,0.5,2.41,23,0,66.7,10.92,success
817,Alpha,db,critica,5.78,3.3,27,0,70.2,3.87,success
818,Alpha,auth,alta,10.26,6.41,187,0,,6.06,success
819,Gamma,auth,baja,7.86,0.3,46,0,72.4,12.55,success
820,Delta,api,media,0.5,3.9,20,0,48.1,4.32,success
821,Alpha,auth,baja,9.84,7.11,144,0,52.5,6.46,success
822,Gamma,api,media,0.57,0.3,46,0,78.9,9.26,success
823,Alpha,db,baja,3.63,8.26,120,0,66.9,5.86,success
824,Gamma,db,critica,4.18,2.04,155,0,96.7,,success
825,Gamma,ui,alta,2.21,1.54,85,0,93.0,5.9,success
826,Alpha,db,baja,19.04,10.52,576,1,74.0,15.46,success
827,Gamma,api,media,0.5,4.56,14,0,74.8,4.0,success
828,Delta,db,media,3.69,7.3,32,0,92.3,8.94,failed
829,Delta,ui,alta,0.5,5.13,53,0,81.1,5.64,success
830,Alpha,auth,media,17.9,15.55,510,0,74.0,6.72,success
831,Alpha,infra,baja,9.24,5.55,336,0,60.1,4.9,success
832,Alpha,api,media,6.64,9.67,213,0,88.3,6.09,success
833,Beta,auth,baja,1.05,1.64,33,0,35.5,5.35,success
834,Alpha,auth,media,5.54,0.97,36,0,73.1,11.89,success
835,Delta,api,baja,4.55,3.16,32,0,95.2,6.69,success
836,Delta,api,media,2.47,3.8,33,0,63.5,10.61,success
837,Delta,ui,alta,7.42,4.34,256,0,93.0,5.75,success
838,Alpha,infra,baja,5.66,5.26,54,0,93.4,11.9,failed
839,Alpha,api,media,8.48,7.93,60,0,67.3,3.46,success
840,Delta,ui,alta,5.93,6.08,134,0,71.8,3.68,success
841,Beta,api,baja,0.5,3.44,15,0,51.1,,success
842,Gamma,db,media,1.62,2.02,70,0,72.6,13.12,success
843,Delta,auth,media,4.52,2.39,25,0,93.3,5.77,success
844,Alpha,auth,media,2.38,0.3,51,0,84.5,5.06,success
845,Alpha,ui,alta,0.93,1.84,39,0,72.5,3.03,success
846,Alpha,ui,media,0.79,0.63,38,0,74.5,3.6,success
847,Alpha,db,media,4.7,4.02,82,0,50.2,3.54,success
848,Alpha,ui,baja,0.5,0.3,81,0,83.2,7.5,success
849,Delta,db,baja,3.54,0.3,55,0,77.8,7.34,success
850,Gamma,api,baja,5.1,5.83,93,0,82.5,5.34,success
851,Delta,auth,critica,1.51,0.3,31,0,,3.01,success
852,Delta,auth,alta,2.4,2.46,123,0,49.1,4.63,success
853,Delta,auth,alta,6.87,3.55,55,0,59.4,2.53,success
854,Alpha,api,baja,0.5,0.3,43,0,60.1,7.99,failed
855,Beta,api,media,3.51,3.82,33,0,35.8,7.16,success
856,Delta,api,alta,5.92,5.12,54,0,65.3,7.03,success
857,Alpha,ui,media,13.19,10.78,359,0,57.2,7.61,success
858,Alpha,api,baja,7.1,3.0,63,0,95.5,7.12,success
859,Gamma,ui,alta,0.5,0.3,24,0,50.0,10.93,success
860,Delta,ui,baja,4.06,6.74,152,0,72.5,6.34,success
861,Delta,api,baja,1.86,2.05,44,0,86.1,8.75,success
862,Delta,api,critica,14.97,11.4,86,0,62.5,2.28,success
863,Alpha,ui,media,4.49,2.95,39,0,51.1,4.1,success
864,Delta,ui,media,10.52,8.95,211,0,84.9,7.3,success
865,Delta,api,media,5.23,0.3,39,0,81.1,4.4,success
866,Gamma,api,critica,9.33,9.98,235,0,53.8,5.46,success
867,Delta,ui,baja,6.09,4.02,26,0,44.4,8.63,success
868,Delta,ui,alta,0.5,0.3,51,0,51.6,11.55,success
869,Beta,auth,baja,9.88,4.77,235,0,67.1,5.21,success
870,Alpha,api,baja,5.46,4.12,78,0,82.9,5.05,success
871,Beta,infra,media,20.51,13.53,515,0,54.5,6.43,success
872,Alpha,auth,media,0.55,2.18,52,0,99.2,10.17,success
873,Alpha,infra,baja,1.7,0.3,84,1,76.1,13.11,success
874,Alpha,auth,media,10.44,9.94,370,0,60.4,19.52,success
875,Gamma,ui,media,4.35,2.8,17,0,62.1,7.19,success
876,Gamma,api,media,4.34,2.67,15,0,69.9,6.97,success
877,Gamma,auth,alta,0.5,1.23,33,0,63.2,4.62,success
878,Gamma,infra,alta,12.93,10.92,139,0,28.1,6.78,success
879,Gamma,api,media,3.49,3.51,16,0,58.8,10.01,success
880,Gamma,infra,media,5.86,3.66,114,0,54.1,6.67,rolled_back
881,Alpha,api,media,4.67,3.49,107,0,79.7,9.55,success
882,Delta,infra,media,17.21,14.87,409,0,61.0,6.64,success
883,Beta,infra,baja,8.3,9.12,171,0,54.3,5.13,success
884,Alpha,ui,baja,9.72,8.25,93,0,60.1,4.94,success
885,Delta,auth,baja,4.98,4.86,227,0,49.9,9.57,success
886,Gamma,ui,media,0.5,7.58,108,0,81.1,6.74,success
887,Alpha,ui,critica,1.39,3.49,44,0,57.8,8.04,success
888,Alpha,infra,media,4.16,4.45,24,0,56.6,8.51,success
889,Alpha,api,media,2.08,2.24,40,0,88.8,3.74,success
890,Beta,api,media,7.73,7.03,64,0,72.2,5.2,success
891,Alpha,auth,media,3.31,0.3,78,0,76.9,4.44,success
892,Gamma,ui,media,6.12,7.74,10,0,78.4,6.2,success
893,Gamma,infra,media,0.72,0.3,55,0,30.9,5.97,success
894,Delta,auth,alta,7.78,4.37,68,0,90.5,2.76,success
895,Gamma,db,baja,10.1,4.06,109,0,88.1,,success
896,Gamma,infra,media,8.65,4.85,288,0,84.4,5.04,success
897,Gamma,auth,media,6.1,4.31,79,0,70.4,7.45,success
898,Alpha,auth,alta,3.57,5.87,29,0,65.2,5.18,success
899,Alpha,ui,critica,3.74,6.97,13,0,87.0,2.98,success
900,Gamma,ui,alta,10.25,12.5,124,0,75.9,3.64,success
901,Alpha,auth,media,5.47,5.04,31,0,68.3,3.64,success
902,Alpha,db,baja,7.69,5.57,145,0,86.2,9.56,success
903,Alpha,ui,media,10.78,9.92,235,0,68.3,8.46,success
904,Delta,infra,alta,0.5,0.3,17,0,68.4,9.39,success
905,Beta,infra,critica,5.18,2.19,110,0,94.0,3.13,success
906,Gamma,db,alta,4.5,3.28,213,0,77.8,10.92,success
907,Beta,ui,baja,6.96,5.59,167,0,55.2,9.62,success
908,Alpha,api,alta,5.21,0.3,10,0,51.7,8.02,success
909,Beta,ui,alta,2.91,5.91,31,0,86.2,4.49,success
910,Alpha,auth,media,0.5,2.4,21,0,55.1,5.25,success
911,Delta,ui,media,1.9,4.64,107,0,87.8,7.95,success
912,Alpha,auth,media,6.43,1.43,97,0,67.1,10.46,success
913,Beta,ui,media,0.56,0.3,6,0,38.7,11.84,success
914,Delta,auth,baja,6.01,3.32,51,0,77.8,12.22,success
915,Gamma,api,baja,1.85,2.1,137,0,73.1,8.58,success
916,Beta,auth,alta,5.43,4.67,76,0,69.6,3.18,success
917,Gamma,ui,critica,5.8,7.15,76,0,84.5,6.93,success
918,Delta,db,alta,5.93,5.3,48,0,31.8,3.63,success
919,Beta,auth,baja,0.81,0.3,26,0,80.3,15.09,success
920,Gamma,infra,baja,6.73,11.01,66,0,79.0,12.02,success
921,Delta,infra,baja,8.86,6.15,70,0,74.6,7.49,success
922,Gamma,api,alta,0.5,0.3,116,0,72.6,5.67,success
923,Beta,ui,media,5.91,0.33,125,1,65.6,12.03,success
924,Alpha,api,critica,0.5,2.03,72,0,54.0,4.68,success
925,Alpha,auth,baja,5.13,6.3,179,0,51.4,9.46,success
926,Delta,ui,media,0.98,0.3,48,0,85.8,6.24,success
927,Gamma,auth,alta,2.31,4.45,18,0,61.1,4.34,success
928,Beta,infra,baja,6.19,5.42,102,0,51.7,5.74,success
929,Beta,infra,critica,6.96,1.24,75,0,38.9,3.54,success
930,Gamma,db,media,6.05,6.69,104,0,,6.81,success
931,Gamma,ui,baja,5.01,3.84,21,0,56.0,5.63,success
932,Gamma,ui,baja,8.21,3.61,334,0,61.8,10.51,success
933,Beta,infra,alta,8.95,9.26,126,0,85.6,5.93,success
934,Gamma,auth,media,0.5,4.14,51,0,40.9,5.72,success
935,Beta,auth,alta,7.45,3.1,29,0,95.4,3.47,success
936,Delta,ui,alta,11.53,9.15,176,0,70.0,8.83,success
937,Alpha,api,media,4.71,4.83,25,0,87.5,11.57,success
938,Alpha,api,alta,23.11,15.2,510,0,74.9,,success
939,Beta,auth,critica,0.5,0.51,38,0,88.6,4.81,success
940,Gamma,ui,baja,14.17,9.63,314,0,81.6,11.77,success
941,Gamma,api,alta,4.16,6.34,56,0,61.9,7.17,success
942,Beta,auth,baja,11.04,9.15,277,0,69.7,4.95,success
943,Delta,auth,baja,0.5,0.3,34,0,93.2,6.79,success
944,Beta,api,media,5.22,0.3,68,0,74.7,4.23,success
945,Alpha,infra,alta,7.05,1.09,138,0,75.6,3.51,success
946,Alpha,api,baja,3.83,0.4,121,0,73.8,7.56,success
947,Delta,ui,media,7.18,3.92,180,0,49.1,7.64,success
948,Alpha,db,media,0.5,0.67,43,0,64.6,5.01,success
949,Delta,api,baja,2.91,3.08,72,0,94.7,7.32,success
950,Beta,db,alta,11.03,8.03,205,0,63.1,6.73,success
951,Alpha,ui,critica,5.61,4.74,35,0,81.6,1.97,success
952,Beta,ui,baja,7.67,8.96,112,0,95.4,5.59,success
953,Gamma,auth,baja,7.04,1.53,55,0,52.9,5.82,success
954,Beta,auth,critica,7.32,6.73,80,0,84.7,3.58,success
955,Delta,infra,baja,2.13,3.6,72,0,75.1,6.83,success
956,Gamma,db,baja,4.19,0.86,33,0,67.2,7.63,success
957,Beta,infra,critica,6.85,6.94,53,0,65.0,3.21,success
958,Gamma,infra,alta,0.5,2.73,76,0,57.7,6.98,success
959,Delta,auth,media,0.5,1.69,61,0,53.5,5.16,success
960,Beta,db,media,5.93,0.3,275,1,,8.08,success
961,Alpha,api,critica,2.29,5.28,165,0,52.2,3.02,success
962,Beta,db,media,1.46,2.94,87,0,68.7,4.22,success
963,Delta,auth,media,1.36,3.32,34,0,40.2,3.34,success
964,Alpha,api,alta,6.91,0.3,32,0,75.0,12.22,success
965,Delta,db,media,12.44,7.64,394,0,82.8,3.33,success
966,Gamma,db,media,0.5,0.3,27,0,70.7,5.27,success
967,Gamma,ui,media,4.81,7.62,74,0,56.9,6.08,success
968,Beta,api,media,4.19,1.25,92,0,97.6,5.99,success
969,Delta,api,media,1.03,5.82,50,0,87.6,3.29,success
970,Alpha,infra,media,1.27,4.64,27,0,58.9,6.34,success
971,Beta,api,media,6.19,5.77,33,0,66.8,9.71,success
972,Beta,api,alta,0.5,4.64,41,0,46.5,2.87,success
973,Beta,ui,media,0.5,0.3,35,0,88.0,6.29,success
974,Beta,api,baja,10.0,5.59,220,0,93.6,,success
975,Alpha,ui,baja,2.38,5.23,66,0,,6.96,success
976,Alpha,api,baja,7.31,3.54,42,0,73.5,15.3,success
977,Alpha,db,alta,3.79,0.46,73,0,44.1,4.8,success
978,Gamma,infra,media,5.31,3.88,122,0,89.2,4.87,success
979,Beta,infra,baja,5.83,2.79,49,0,81.0,4.76,success
980,Gamma,ui,alta,0.6,6.52,150,0,69.0,9.51,success
981,Gamma,api,baja,3.82,5.73,21,0,38.2,5.4,success
982,Gamma,db,baja,6.44,3.92,191,0,41.6,7.88,success
983,Gamma,db,alta,7.6,3.56,66,0,88.6,10.08,success
984,Gamma,ui,media,1.64,3.33,64,0,76.7,7.35,success
985,Gamma,ui,alta,3.7,6.69,36,0,65.1,2.81,success
986,Gamma,db,alta,1.39,3.06,22,0,67.6,7.17,success
987,Gamma,ui,critica,3.91,1.47,15,0,69.6,2.97,success
988,Beta,db,baja,2.27,0.3,34,0,62.9,8.98,success
989,Alpha,auth,alta,6.07,4.2,113,0,50.7,12.16,success
990,Delta,api,alta,8.38,7.32,28,0,70.8,6.58,success
991,Beta,ui,baja,1.65,1.31,17,0,79.7,7.14,success
992,Gamma,auth,critica,4.29,6.59,29,0,40.3,2.78,success
993,Alpha,infra,media,9.37,8.44,47,0,36.2,4.14,success
994,Beta,ui,alta,4.64,4.88,49,0,86.9,6.53,success
995,Gamma,auth,media,0.5,3.07,59,0,70.6,10.65,success
996,Gamma,db,media,4.72,0.86,169,0,65.3,7.09,success
997,Gamma,db,baja,3.9,2.59,205,0,80.8,7.5,success
998,Beta,db,critica,16.92,9.05,405,0,81.7,4.47,success
999,Delta,api,media,2.15,3.75,15,0,58.3,5.84,success
1000,Gamma,infra,baja,6.68,2.95,31,0,56.2,11.26,success
1001,Delta,api,baja,7.68,6.31,125,0,79.6,9.52,success
1002,Gamma,ui,alta,5.46,4.36,44,0,81.4,10.63,success
1003,Gamma,auth,baja,2.03,4.22,145,0,73.9,12.16,success
1004,Delta,ui,media,5.99,2.1,80,0,54.7,15.3,failed
1005,Alpha,db,media,13.85,10.94,276,0,41.5,9.05,success
1006,Delta,ui,baja,2.53,0.34,170,0,82.1,9.62,success
1007,Delta,api,media,6.19,2.8,173,0,69.9,5.98,success
1008,Gamma,db,baja,4.63,3.92,46,0,76.0,7.59,success
1009,Gamma,ui,critica,4.18,6.99,61,0,37.0,7.73,success
1010,Gamma,api,alta,8.6,4.56,51,0,69.3,,success
1011,Beta,infra,baja,4.7,0.3,17,0,57.7,11.48,success
1012,Delta,db,media,10.81,5.62,251,0,91.9,5.95,success
1013,Alpha,infra,media,8.03,5.36,130,0,63.2,6.54,success
1014,Beta,infra,critica,5.76,9.63,49,0,70.7,10.78,success
1015,Gamma,infra,media,8.62,7.64,216,0,86.6,8.51,success
1016,Delta,db,media,2.02,0.83,38,0,39.2,6.63,success
1017,Beta,ui,critica,5.36,4.36,13,0,51.9,12.54,success
1018,Beta,auth,baja,4.72,8.26,165,0,94.0,6.21,success
1019,Alpha,ui,media,2.44,2.36,21,0,69.3,4.64,success
1020,Alpha,db,baja,0.66,1.33,56,0,89.0,5.76,success
1021,Alpha,ui,media,6.31,4.27,80,0,65.2,6.99,success
1022,Alpha,infra,media,8.04,8.06,94,0,58.7,6.46,success
1023,Delta,auth,critica,3.34,2.19,143,0,60.6,5.71,success
1024,Delta,api,media,4.87,6.6,112,0,66.3,3.6,success
1025,Delta,ui,baja,3.75,6.41,109,0,64.5,4.86,success
1026,Alpha,api,alta,5.8,6.51,33,0,85.2,3.74,success
1027,Alpha,auth,alta,8.31,5.93,87,0,42.4,6.09,success
1028,Beta,auth,media,1.07,0.3,17,0,38.6,5.38,success
1029,Gamma,db,alta,0.5,1.24,272,0,57.2,3.27,success
1030,Beta,api,baja,6.03,3.45,19,0,66.5,5.64,success
1031,Beta,auth,media,3.61,1.72,49,0,98.3,8.66,success
1032,Alpha,auth,baja,2.73,2.54,20,0,88.4,12.74,success
1033,Gamma,api,baja,6.45,6.57,35,0,94.8,6.75,success
1034,Beta,auth,critica,2.92,1.69,67,0,71.1,2.4,success
1035,Alpha,db,alta,1.59,0.3,41,0,98.0,6.25,success
1036,Gamma,db,baja,6.35,2.91,187,0,93.2,14.66,success
1037,Delta,auth,baja,6.0,9.33,82,0,79.3,7.87,success
1038,Alpha,ui,critica,5.61,6.24,44,0,46.6,5.11,success
1039,Beta,auth,baja,8.67,4.31,59,0,35.4,7.23,success
1040,Delta,api,baja,9.27,10.28,200,0,79.3,8.97,success
1041,Gamma,infra,baja,6.02,4.51,151,0,63.0,8.11,success
1042,Delta,ui,baja,5.52,10.51,24,0,72.7,8.88,success
1043,Beta,infra,baja,0.5,2.46,36,0,53.7,7.9,success
1044,Beta,auth,critica,9.32,8.51,102,0,94.2,2.51,success
1045,Gamma,api,baja,5.51,6.9,92,0,74.7,6.12,success
1046,Alpha,api,media,2.18,6.52,26,0,61.9,3.81,success
1047,Alpha,api,alta,3.4,2.44,131,0,71.5,7.32,success
1048,Gamma,infra,media,5.11,8.06,30,0,69.4,9.21,success
1049,Gamma,auth,alta,7.49,4.43,216,0,67.2,6.27,success
1050,Alpha,infra,media,4.96,3.57,107,0,95.5,5.46,success
1051,Gamma,infra,media,0.5,1.82,24,0,60.3,6.39,success
1052,Beta,ui,media,1.93,4.96,41,0,83.1,7.09,success
1053,Gamma,api,alta,1.22,1.41,41,0,48.7,6.13,success
1054,Delta,ui,alta,5.63,9.0,77,0,,7.69,success
1055,Alpha,api,alta,2.98,6.6,56,0,85.3,4.1,success
1056,Delta,db,baja,0.5,1.9,24,0,95.9,7.89,success
1057,Beta,api,media,1.32,0.3,19,0,86.7,4.6,success
1058,Delta,infra,alta,0.68,4.41,109,0,87.2,7.32,success
1059,Beta,ui,baja,1.45,0.3,86,0,80.8,5.94,success
1060,Beta,ui,alta,7.2,7.67,73,0,,13.45,success
1061,Delta,db,baja,0.5,0.3,85,0,72.5,7.65,success
1062,Gamma,ui,baja,4.18,7.15,38,0,71.5,6.64,success
1063,Alpha,infra,alta,3.05,0.3,79,0,92.6,4.17,success
1064,Gamma,auth,baja,19.18,11.35,655,1,59.4,13.21,success
1065,Delta,infra,media,4.67,5.4,192,0,85.8,12.67,success
1066,Beta,db,media,4.49,5.7,51,0,72.0,4.36,success
1067,Delta,infra,alta,4.62,2.71,42,0,34.4,7.39,success
1068,Gamma,api,media,0.5,0.97,5,0,67.8,4.66,success
1069,Beta,db,media,10.67,10.28,174,0,57.4,4.17,success
1070,Alpha,api,alta,2.96,5.79,135,0,81.7,6.63,success
1071,Gamma,db,media,4.6,3.38,41,0,72.2,5.5,success
1072,Alpha,auth,critica,0.5,0.3,18,0,85.4,4.43,success
1073,Delta,api,alta,1.27,0.3,24,0,61.7,6.36,success
1074,Gamma,api,media,0.5,2.43,99,0,47.7,12.67,success
1075,Beta,api,critica,2.27,4.89,62,0,81.7,6.36,success
1076,Alpha,api,media,5.2,5.0,124,1,94.3,9.5,success
1077,Gamma,db,baja,0.5,0.3,72,0,92.2,9.79,success
1078,Alpha,api,baja,7.59,10.52,159,0,93.3,5.21,success
1079,Beta,db,media,6.13,0.3,93,0,35.9,5.84,success
1080,Delta,auth,baja,14.78,12.56,141,0,78.2,6.4,success
1081,Delta,db,media,5.23,5.18,10,0,85.5,15.73,success
1082,Delta,db,media,6.38,6.5,22,0,64.8,4.63,success
1083,Delta,api,media,0.5,0.3,48,0,92.5,8.12,success
1084,Gamma,db,baja,0.5,1.42,176,0,80.4,6.29,success
1085,Alpha,infra,alta,12.09,9.49,362,2,65.4,9.24,success
1086,Delta,db,media,9.38,6.91,58,0,90.1,4.81,success
1087,Delta,api,baja,10.95,3.59,38,0,78.9,7.84,success
1088,Delta,api,media,0.5,6.08,11,0,63.3,,success
1089,Gamma,db,media,4.28,5.69,145,0,77.7,5.48,success
1090,Alpha,api,media,4.65,4.38,41,0,77.8,9.39,success
1091,Gamma,db,media,29.98,19.74,956,2,79.1,13.7,success
1092,Beta,api,baja,2.5,7.21,34,0,91.5,10.24,success
1093,Delta,db,alta,17.32,10.04,444,1,73.5,8.19,success
1094,Beta,auth,media,14.08,7.53,131,0,77.4,4.32,success
1095,Beta,auth,baja,6.69,7.64,26,0,78.0,7.74,success
1096,Alpha,infra,alta,9.34,8.26,82,0,73.5,5.62,success
1097,Delta,infra,media,0.5,0.3,134,0,76.6,17.48,success
1098,Delta,infra,media,7.01,8.43,54,0,81.7,10.94,success
1099,Alpha,infra,media,3.78,4.51,142,0,43.1,11.93,success
1100,Beta,api,media,11.2,5.98,139,0,82.8,6.11,success
1101,Beta,api,media,9.49,8.42,114,0,61.6,5.06,success
1102,Beta,auth,baja,5.79,5.83,66,0,93.2,6.94,success
1103,Delta,ui,baja,0.5,1.58,23,0,,6.81,success
1104,Alpha,auth,critica,2.6,4.02,62,0,93.1,7.36,success
1105,Beta,infra,media,3.13,4.94,78,0,87.1,5.18,success
1106,Alpha,auth,media,4.35,6.4,12,0,53.8,8.65,success
1107,Alpha,auth,baja,5.39,5.0,78,0,71.4,11.03,success
1108,Delta,auth,alta,8.31,5.81,61,0,57.7,6.86,success
1109,Delta,auth,baja,7.72,6.73,21,0,53.3,5.29,success
1110,Alpha,auth,baja,1.26,5.23,49,0,99.9,8.74,success
1111,Gamma,ui,baja,5.18,6.18,50,0,82.0,5.18,success
1112,Alpha,api,alta,14.58,9.43,379,0,52.7,5.56,success
1113,Alpha,ui,media,4.18,4.15,81,0,55.3,5.79,success
1114,Beta,infra,baja,9.9,11.6,169,0,78.6,9.15,success
1115,Alpha,ui,baja,5.08,6.42,60,0,84.9,6.56,success
1116,Beta,ui,media,0.64,2.26,12,0,93.6,5.13,success
1117,Delta,api,media,5.21,7.48,122,0,64.1,5.39,success
1118,Gamma,auth,media,1.88,1.27,37,0,79.8,5.54,success
1119,Gamma,api,baja,0.9,2.86,49,0,83.5,5.16,success
1120,Beta,infra,alta,2.52,7.7,26,0,57.7,9.14,success
1121,Alpha,ui,critica,0.75,3.58,71,0,79.3,3.87,success
1122,Alpha,api,media,8.46,10.63,174,0,70.6,8.66,success
1123,Beta,api,baja,10.83,7.79,154,0,84.3,8.64,success
1124,Alpha,db,media,10.47,6.59,278,0,93.2,5.77,success
1125,Delta,ui,baja,14.47,13.08,316,0,58.6,6.46,success
1126,Delta,ui,baja,2.82,0.3,11,0,92.2,5.08,success
1127,Delta,infra,baja,0.5,2.25,23,0,51.0,6.16,success
1128,Gamma,ui,critica,9.47,9.76,13,0,93.6,2.33,success
1129,Gamma,ui,media,0.5,3.21,118,0,,4.44,success
1130,Gamma,auth,alta,3.12,0.3,36,0,65.8,7.66,success
1131,Beta,auth,media,0.98,0.3,43,0,71.3,5.29,success
1132,Gamma,infra,media,9.23,6.75,55,0,88.0,4.75,success
1133,Delta,ui,baja,5.5,5.99,94,0,84.4,6.56,success
1134,Delta,api,media,10.61,9.15,18,0,60.4,4.12,success
1135,Gamma,ui,baja,2.76,3.14,21,0,69.4,5.46,success
1136,Alpha,auth,media,2.03,4.54,67,0,87.0,9.07,success
1137,Gamma,db,baja,1.84,3.7,196,0,80.2,12.61,success
1138,Beta,auth,media,7.27,5.54,65,0,76.7,6.15,success
1139,Gamma,db,media,0.5,3.14,33,0,65.6,3.58,success
1140,Gamma,ui,baja,0.82,0.37,10,0,45.7,12.23,success
1141,Delta,api,baja,10.59,9.45,157,0,72.9,15.0,success
1142,Beta,auth,critica,6.18,3.09,34,0,47.9,5.19,success
1143,Delta,db,baja,0.79,3.19,24,0,83.2,6.06,success
1144,Delta,auth,baja,0.99,3.25,14,0,58.7,9.85,success
1145,Beta,auth,baja,0.5,1.05,18,0,88.5,7.22,success
1146,Beta,db,media,0.5,3.39,28,0,49.2,8.22,success
1147,Gamma,api,media,6.32,9.15,54,0,92.5,3.75,success
1148,Delta,api,baja,5.42,2.2,22,0,90.1,6.39,success
1149,Gamma,auth,media,5.63,7.26,79,0,73.8,4.07,success
1150,Delta,infra,media,4.18,6.72,53,0,43.2,4.45,success
1151,Beta,api,baja,14.67,9.78,493,0,79.9,4.92,success
1152,Gamma,auth,critica,7.6,8.06,14,0,53.8,2.66,success
1153,Beta,api,critica,0.5,1.16,77,0,78.5,8.16,success
1154,Delta,auth,baja,2.86,6.36,78,0,62.6,5.83,success
1155,Beta,api,baja,3.26,0.3,26,0,83.5,4.9,success
1156,Gamma,auth,baja,4.19,7.63,73,0,58.6,5.81,success
1157,Alpha,auth,baja,5.98,2.31,133,0,,4.96,success
1158,Delta,api,media,2.55,3.25,73,0,58.3,6.25,success
1159,Beta,infra,media,10.58,5.81,232,0,68.4,4.67,success
1160,Beta,auth,media,0.5,5.54,9,0,69.7,5.58,success
1161,Gamma,auth,baja,2.42,2.38,31,0,72.4,6.07,success
1162,Beta,infra,baja,10.86,6.66,252,0,88.1,6.77,success
1163,Delta,infra,critica,5.51,7.61,152,0,74.2,1.86,success
1164,Gamma,ui,critica,5.26,6.49,108,0,76.1,2.73,success
1165,Gamma,auth,baja,8.82,5.96,202,0,78.3,8.74,success
1166,Alpha,api,media,0.5,0.3,12,0,72.3,7.83,success
1167,Alpha,auth,media,1.73,0.3,136,0,52.6,5.7,success
1168,Beta,auth,media,7.62,9.26,174,0,39.0,,success
1169,Delta,api,media,1.19,3.26,37,0,71.3,3.49,success
1170,Delta,ui,alta,21.6,14.89,711,0,64.4,6.01,success
1171,Gamma,api,baja,6.41,6.58,80,0,82.6,11.1,success
1172,Gamma,ui,baja,0.5,0.3,9,0,62.4,4.97,success
1173,Beta,api,critica,0.5,0.99,94,0,88.5,6.57,success
1174,Alpha,api,baja,7.37,5.18,35,1,72.4,10.54,success
1175,Alpha,db,baja,99.32457904822894,10.47,190,0,99.0,7.4,success
1176,Beta,infra,alta,8.86,3.14,109,0,41.5,2.74,success
1177,Beta,api,alta,0.5,4.43,39,0,71.4,2.97,success
1178,Alpha,ui,media,9.54,11.71,258,0,67.5,4.42,success
1179,Beta,api,alta,2.84,0.3,155,0,76.7,3.32,success
1180,Alpha,auth,media,2.8,3.22,32,0,70.5,9.42,success
1181,Gamma,db,baja,2.51,4.25,58,0,94.0,7.57,success
1182,Delta,auth,media,1.78,4.75,106,0,81.3,4.28,success
1183,Gamma,api,alta,5.22,0.3,48,0,77.2,6.66,success
1184,Beta,api,alta,2.69,3.96,49,0,53.6,7.22,success
1185,Beta,auth,baja,9.24,6.5,69,0,44.3,8.26,success
1186,Beta,auth,baja,3.04,2.62,26,0,81.7,7.86,success
1187,Alpha,api,alta,0.5,6.97,9,0,98.9,5.78,success
1188,Gamma,infra,baja,0.5,1.26,83,0,80.7,5.41,success
1189,Gamma,ui,baja,9.73,8.46,11,0,76.6,7.37,success
1190,Alpha,api,alta,1.87,2.32,27,1,66.5,11.35,success
1191,Beta,auth,media,3.14,3.99,14,2,72.4,20.25,success
1192,Beta,ui,baja,2.48,4.37,15,0,72.6,7.05,success
1193,Alpha,auth,baja,8.63,8.91,98,0,73.8,5.98,success
1194,Gamma,ui,baja,0.5,0.3,55,0,72.0,5.59,success
1195,Gamma,db,alta,8.28,6.85,53,0,67.6,8.21,success
1196,Gamma,api,media,7.05,6.2,20,0,56.7,4.4,success
1197,Gamma,api,baja,3.13,0.3,37,0,45.3,6.69,success
1198,Delta,auth,media,6.13,2.79,94,0,69.2,5.46,success
1199,Delta,auth,baja,2.75,5.38,64,0,,9.2,success
1200,Gamma,api,baja,0.5,0.65,140,0,,8.07,success
1201,Delta,infra,baja,8.6,13.19,159,0,91.1,14.94,success
1202,Beta,auth,media,4.33,6.51,53,0,89.1,6.79,failed
1203,Delta,ui,baja,3.23,4.57,13,0,84.5,10.45,success
1204,Delta,ui,baja,4.54,8.0,34,0,71.3,6.23,success
1205,Gamma,auth,media,1.7,4.45,61,0,81.7,6.81,success
1206,Delta,auth,media,7.71,6.59,33,1,72.7,13.52,success
1207,Gamma,api,baja,2.81,0.3,26,0,83.8,10.13,rolled_back
1208,Gamma,ui,baja,6.04,6.79,71,0,83.1,5.11,success
1209,Beta,api,baja,19.0,16.39,594,0,69.5,5.45,failed
1210,Delta,db,media,6.61,3.98,43,0,60.8,6.9,success
1211,Gamma,infra,alta,4.38,0.3,67,0,,4.64,success
1212,Delta,db,baja,2.33,0.3,20,0,79.7,7.25,success
1213,Beta,infra,alta,11.74,12.94,204,0,85.8,4.55,success
1214,Delta,db,alta,0.97,2.28,147,0,62.8,7.72,success
1215,Alpha,infra,baja,5.41,8.4,138,0,59.8,7.69,success
1216,Alpha,db,baja,7.21,5.87,227,0,76.9,6.9,success
1217,Gamma,db,baja,4.67,3.06,45,0,89.0,17.38,success
1218,Gamma,db,baja,4.64,9.62,51,0,73.8,10.63,success
1219,Delta,infra,media,11.29,7.34,311,0,45.7,10.43,success
1220,Beta,api,baja,3.4,2.92,118,0,91.2,5.34,success
1221,Gamma,ui,alta,2.19,3.97,9,0,66.8,15.94,success
1222,Gamma,ui,media,6.14,4.46,100,0,96.2,,success
1223,Delta,infra,alta,2.64,5.03,40,0,69.9,7.64,success
1224,Gamma,api,alta,10.41,8.86,150,0,47.4,5.51,success
1225,Beta,db,media,6.72,6.75,96,0,84.3,4.69,success
1226,Delta,db,critica,2.48,1.45,14,0,53.5,7.16,success
1227,Alpha,infra,critica,0.5,0.3,85,0,66.1,12.22,success
1228,Delta,auth,media,3.74,1.66,81,0,67.0,6.51,success
1229,Alpha,db,baja,6.4,3.48,92,0,62.9,5.46,success
1230,Beta,db,media,4.52,4.94,112,0,69.3,6.12,success
1231,Delta,infra,baja,10.64,5.85,256,0,85.7,6.33,success
1232,Gamma,infra,media,4.12,0.31,97,0,70.2,4.44,success
1233,Delta,ui,media,4.77,1.5,68,0,88.6,3.69,success
1234,Gamma,ui,media,12.55,10.0,187,0,40.7,13.15,success
1235,Gamma,auth,alta,19.84,15.12,502,1,84.8,12.79,success
1236,Beta,infra,baja,2.67,1.84,152,0,59.1,6.56,success
1237,Alpha,api,media,0.5,0.8,80,0,47.1,3.29,success
1238,Alpha,db,baja,6.09,6.69,98,0,76.3,8.61,success
1239,Beta,db,alta,8.02,6.73,84,0,73.0,10.47,success
1240,Alpha,api,media,0.5,4.77,68,0,65.8,13.87,success
1241,Gamma,auth,baja,15.3,10.29,468,1,25.6,14.16,success
1242,Delta,auth,media,10.51,5.73,34,0,97.4,4.71,success
1243,Delta,infra,baja,6.82,8.31,189,0,59.3,8.11,success
1244,Beta,ui,alta,11.38,7.55,60,0,76.8,4.9,success
1245,Delta,auth,media,0.5,0.3,18,0,78.2,5.48,success
1246,Delta,db,media,1.64,4.72,56,0,58.3,10.17,success
1247,Delta,api,media,1.01,5.73,41,0,70.2,7.53,success
1248,Beta,infra,alta,1.52,2.87,112,0,89.6,3.05,success
1249,Beta,api,alta,0.5,0.3,72,0,72.1,9.32,success
1250,Delta,auth,media,2.11,6.6,27,1,97.0,17.17,success
1251,Alpha,auth,alta,9.91,8.39,251,0,65.0,3.71,success
1252,Beta,ui,media,5.19,5.16,178,0,78.5,7.43,success
1253,Alpha,api,alta,9.1,5.95,278,0,67.9,4.83,success
1254,Delta,db,alta,9.06,9.76,83,0,83.2,2.73,success
1255,Gamma,api,baja,7.38,3.16,65,0,55.4,8.1,success
1256,Alpha,api,baja,5.11,1.56,126,0,100.0,9.94,success
1257,Alpha,api,baja,4.32,8.83,40,0,53.6,8.12,success
1258,Gamma,api,baja,0.5,0.3,75,0,64.9,12.29,success
1259,Gamma,infra,media,4.66,6.7,57,0,92.4,6.72,success
1260,Delta,auth,baja,2.34,6.35,18,0,64.0,4.84,rolled_back
1261,Beta,infra,media,3.13,3.9,75,0,67.2,4.84,success
1262,Delta,api,baja,3.45,1.37,45,0,79.3,10.86,success
1263,Beta,auth,baja,3.23,5.01,54,0,77.7,4.35,success
1264,Delta,auth,media,0.64,5.36,93,0,64.9,4.95,success
1265,Alpha,auth,media,12.68,9.96,210,0,50.9,6.81,success
1266,Alpha,db,media,5.41,2.88,31,0,89.0,9.71,success
1267,Alpha,ui,alta,2.46,3.74,49,0,77.3,10.8,success
1268,Beta,api,critica,0.5,0.3,33,0,71.5,3.88,success
1269,Delta,ui,media,0.5,0.3,32,0,76.0,6.25,success
1270,Alpha,ui,baja,8.4,5.89,39,0,74.5,6.27,success
1271,Beta,infra,baja,3.16,3.55,56,0,76.1,7.65,success
1272,Alpha,infra,critica,7.38,2.92,113,0,84.6,2.3,success
1273,Delta,ui,media,1.67,3.13,89,0,58.6,,success
1274,Gamma,db,alta,1.7,3.82,26,0,51.8,2.3,failed
1275,Delta,db,media,7.61,5.53,214,0,84.9,,success
1276,Gamma,api,baja,7.53,0.62,156,0,71.9,6.97,success
1277,Gamma,db,media,3.22,3.69,30,0,54.1,9.86,success
1278,Delta,auth,alta,5.12,9.11,201,0,83.3,7.74,success
1279,Alpha,db,alta,2.27,4.01,90,0,45.5,4.49,success
1280,Delta,infra,baja,3.48,3.63,58,0,50.1,9.59,success
1281,Gamma,auth,media,0.5,0.87,92,0,82.3,4.19,success
1282,Gamma,db,baja,1.05,3.57,65,0,66.1,4.93,success
1283,Beta,infra,critica,4.81,4.91,109,0,85.3,5.42,success
1284,Delta,auth,baja,5.63,6.65,79,1,27.8,10.47,success
1285,Beta,ui,alta,7.98,3.55,49,0,86.4,11.35,success
1286,Alpha,infra,baja,1.09,2.46,11,0,,4.68,success
1287,Delta,infra,media,5.32,3.54,107,0,81.1,9.46,success
1288,Alpha,auth,media,0.5,2.73,48,0,89.5,5.76,success
1289,Alpha,api,baja,6.89,0.77,134,0,64.2,8.96,success
1290,Gamma,ui,alta,1.88,1.65,103,1,47.0,8.41,success
1291,Alpha,auth,alta,2.67,4.46,49,0,75.2,4.06,success
1292,Delta,api,alta,8.51,8.37,167,0,65.9,3.8,success
1293,Beta,auth,baja,5.95,4.99,80,0,87.2,9.2,success
1294,Alpha,auth,alta,0.52,0.3,77,0,74.1,9.03,success
1295,Delta,ui,media,6.3,6.88,59,0,58.7,6.89,success
1296,Gamma,ui,media,10.95,12.03,303,0,93.7,7.63,success
1297,Beta,ui,media,6.85,3.51,35,0,43.6,6.69,success
1298,Gamma,db,media,8.66,5.63,50,0,55.5,3.95,success
1299,Gamma,api,baja,8.33,8.51,22,0,82.0,5.24,success
1300,Alpha,api,media,2.12,4.86,128,0,88.3,11.68,success
1301,Delta,auth,baja,4.44,6.91,39,0,79.5,6.97,success
1302,Beta,auth,baja,0.5,4.34,44,0,69.6,10.49,success
1303,Gamma,api,baja,7.85,2.38,42,0,68.2,6.47,success
1304,Delta,auth,baja,8.69,5.52,71,0,75.0,5.72,success
1305,Gamma,auth,alta,6.11,6.73,22,0,81.8,4.33,success
1306,Gamma,auth,media,0.77,1.75,9,0,92.6,8.26,success
1307,Beta,ui,baja,6.66,6.41,101,0,77.0,5.87,success
1308,Alpha,ui,alta,0.86,1.69,10,0,53.7,5.81,success
1309,Beta,infra,critica,6.36,4.23,144,0,80.7,5.87,success
1310,Delta,db,alta,9.84,6.8,271,0,62.6,5.33,success
1311,Gamma,ui,alta,0.5,0.3,58,0,53.4,5.75,success
1312,Beta,auth,critica,6.02,3.3,215,0,94.4,4.92,success
1313,Delta,ui,media,11.12,8.0,65,1,92.9,,success
1314,Delta,auth,critica,10.16,7.47,281,0,56.5,3.76,success
1315,Delta,api,critica,3.83,5.22,44,0,84.0,2.75,success
1316,Beta,api,baja,2.21,2.11,8,0,62.3,6.66,success
1317,Gamma,api,alta,2.41,7.14,62,0,73.6,7.69,success
1318,Gamma,api,alta,11.43,11.43,310,0,66.7,7.64,success
1319,Beta,ui,alta,4.02,2.66,108,0,79.9,5.86,success
1320,Beta,db,alta,0.5,2.29,42,0,70.0,5.24,success
1321,Alpha,db,media,6.75,8.58,90,0,73.8,7.46,success
1322,Beta,ui,media,11.64,6.88,160,0,85.6,6.63,success
1323,Gamma,ui,media,0.5,0.3,62,0,70.4,5.44,success
1324,Delta,auth,alta,21.97,17.93,709,0,94.9,5.12,success
1325,Delta,db,alta,8.0,8.03,42,0,48.3,3.33,success
1326,Alpha,ui,alta,4.91,7.13,164,0,73.2,3.19,success
1327,Gamma,api,alta,7.33,6.69,132,0,91.7,9.98,success
1328,Alpha,api,critica,14.37,9.48,36,0,76.5,6.43,success
1329,Gamma,infra,baja,5.61,1.51,46,0,60.2,6.24,success
1330,Beta,ui,critica,7.22,6.17,167,0,,4.22,success
1331,Beta,api,baja,6.93,8.74,76,0,85.8,6.51,success
1332,Gamma,ui,media,7.44,9.07,90,0,55.5,5.98,success
1333,Beta,api,baja,0.5,4.48,15,0,64.1,9.5,success
1334,Delta,api,media,0.5,3.77,120,0,64.4,3.21,success
1335,Gamma,api,media,6.68,11.04,86,0,79.4,7.3,success
1336,Delta,api,baja,6.24,1.36,63,0,50.6,5.15,success
1337,Gamma,ui,media,3.71,4.3,92,0,72.3,20.92,success
1338,Beta,auth,alta,8.32,4.15,46,0,65.2,8.28,success
1339,Delta,db,baja,7.73,10.02,39,0,74.4,5.01,success
1340,Beta,api,media,5.94,3.68,54,0,78.7,3.85,success
1341,Gamma,ui,baja,2.34,5.43,44,0,93.7,5.99,success
1342,Alpha,ui,baja,10.8,6.86,475,1,68.7,12.77,success
1343,Alpha,ui,baja,6.11,6.22,152,0,60.5,5.88,success
1344,Gamma,ui,media,0.5,1.53,28,0,79.0,4.9,success
1345,Alpha,infra,alta,8.36,6.48,417,2,59.6,7.98,success
1346,Delta,ui,media,5.39,5.57,45,0,67.5,16.18,success
1347,Delta,db,alta,7.74,8.44,68,0,72.7,5.01,success
1348,Gamma,db,media,0.5,1.53,150,0,62.0,12.57,success
1349,Gamma,auth,alta,1.42,4.58,11,0,87.5,3.98,success
1350,Gamma,api,critica,3.56,6.23,54,0,52.1,13.26,success
1351,Alpha,api,media,2.44,1.92,40,0,80.4,7.64,success
1352,Beta,api,baja,0.5,6.51,80,0,76.9,7.37,success
1353,Beta,api,baja,8.78,8.63,93,0,22.2,12.72,success
1354,Delta,api,media,0.5,0.72,62,0,67.8,3.86,success
1355,Alpha,ui,media,0.5,3.34,60,0,83.0,6.05,success
1356,Beta,auth,baja,3.1,5.96,174,0,92.4,6.75,success
1357,Beta,db,alta,6.05,6.6,87,0,93.4,8.32,success
1358,Alpha,api,critica,3.37,4.03,69,0,57.0,1.67,success
1359,Alpha,db,baja,2.27,0.3,76,0,62.2,6.32,success
1360,Beta,auth,baja,14.02,7.49,348,0,73.9,4.49,success
1361,Alpha,api,baja,5.21,6.32,78,0,74.1,6.43,success
1362,Alpha,auth,media,0.5,0.3,42,0,89.8,10.5,success
1363,Beta,ui,alta,3.91,5.13,12,0,75.5,4.34,success
1364,Alpha,api,media,5.62,7.08,18,0,63.9,4.5,success
1365,Gamma,infra,baja,2.89,2.95,44,0,61.0,9.37,success
1366,Alpha,api,media,3.19,0.3,60,0,83.5,4.6,rolled_back
1367,Beta,ui,baja,8.88,4.99,40,0,96.2,11.04,success
1368,Beta,api,media,2.6,4.77,91,0,80.5,12.31,success
1369,Delta,ui,media,2.68,6.25,40,0,34.1,6.33,success
1370,Gamma,api,media,4.04,0.3,29,0,84.4,7.53,success
1371,Delta,api,media,5.63,5.08,116,0,30.1,10.26,success
1372,Beta,auth,alta,8.05,2.66,229,0,71.8,5.35,success
1373,Beta,auth,baja,3.02,3.54,25,0,71.9,4.86,success
1374,Beta,auth,alta,9.2,6.63,83,0,81.5,9.89,success
1375,Delta,infra,baja,4.91,10.35,12,0,77.8,8.8,success
1376,Delta,api,baja,2.3,1.53,18,0,96.2,6.62,success
1377,Delta,auth,alta,0.5,4.42,39,0,64.7,3.06,success
1378,Delta,infra,media,5.24,7.17,185,0,63.0,5.24,success
1379,Gamma,auth,baja,6.34,4.82,33,0,80.9,8.18,success
1380,Gamma,api,media,0.5,2.1,32,0,62.5,7.36,success
1381,Delta,db,alta,11.66,8.5,69,0,48.9,7.72,success
1382,Beta,infra,critica,3.97,2.02,69,0,84.9,9.34,success
1383,Beta,db,media,0.5,0.3,33,0,79.1,8.41,success
1384,Delta,api,baja,14.51,9.18,398,0,54.5,7.39,success
1385,Beta,infra,media,1.19,0.3,53,0,81.8,4.9,success
1386,Alpha,auth,baja,3.13,2.13,74,0,67.7,5.62,success
1387,Gamma,infra,baja,0.5,1.31,46,0,63.3,10.17,success
1388,Beta,db,media,4.25,4.45,99,0,90.8,6.03,success
1389,Delta,infra,alta,1.39,3.44,203,0,69.5,3.26,success
1390,Delta,api,baja,9.05,6.44,298,0,62.2,8.58,success
1391,Beta,auth,alta,0.54,0.3,34,0,46.5,6.31,success
1392,Gamma,ui,alta,5.63,5.94,180,0,69.1,14.97,success
1393,Delta,ui,alta,2.86,5.19,109,0,73.6,2.43,success
1394,Gamma,ui,baja,6.92,4.44,160,0,87.0,4.92,success
1395,Alpha,infra,media,6.15,2.73,61,0,63.6,3.37,success
1396,Gamma,ui,baja,4.95,3.35,56,0,69.1,5.69,success
1397,Gamma,api,baja,11.24,7.79,155,0,84.9,7.18,success
1398,Gamma,api,baja,4.95,7.33,157,0,59.6,6.61,success
1399,Alpha,auth,baja,11.04,9.86,273,0,58.4,12.92,success
1400,Beta,auth,baja,5.49,4.79,80,0,57.0,6.68,success
1401,Delta,auth,baja,7.47,10.73,61,0,58.6,4.63,success
1402,Alpha,db,critica,0.5,1.71,7,0,81.3,12.68,success
1403,Beta,db,alta,4.85,7.94,16,0,53.0,8.1,success
1404,Beta,ui,baja,0.84,5.06,47,0,57.2,9.95,success
1405,Alpha,api,critica,1.26,5.13,25,0,69.8,2.16,success
1406,Alpha,ui,baja,5.23,5.44,139,0,71.4,7.66,success
1407,Beta,db,media,3.99,4.19,21,0,83.8,10.62,success
1408,Delta,infra,alta,0.5,1.81,42,0,66.9,8.73,success
1409,Alpha,ui,media,0.85,4.14,44,0,98.1,4.62,success
1410,Beta,db,baja,5.97,3.11,197,0,83.7,7.19,success
1411,Alpha,ui,media,3.3,2.82,39,0,86.5,9.65,success
1412,Gamma,api,media,1.7,6.69,100,0,50.1,6.48,success
1413,Beta,infra,media,5.19,6.17,80,0,50.1,5.36,success
1414,Delta,api,media,5.37,7.11,150,0,65.0,4.12,success
1415,Gamma,api,media,8.61,3.61,143,0,69.4,5.99,success
1416,Delta,api,baja,4.15,2.91,65,0,83.5,12.46,success
1417,Gamma,ui,media,8.6,7.49,14,0,77.7,10.51,success
1418,Beta,ui,baja,3.98,3.78,54,0,59.9,8.33,success
1419,Delta,ui,alta,0.5,0.3,65,0,85.3,5.87,success
1420,Beta,api,alta,3.94,5.76,86,0,84.9,7.61,success
1421,Delta,auth,media,3.09,6.05,34,0,72.4,6.88,success
1422,Delta,infra,alta,4.71,3.61,186,0,93.9,5.97,success
1423,Gamma,api,baja,9.39,9.12,68,0,29.4,4.9,success
1424,Gamma,infra,baja,1.78,7.64,29,0,66.5,5.42,success
1425,Beta,auth,media,1.39,6.15,44,1,47.6,12.03,success
1426,Delta,ui,media,13.91,9.24,378,0,91.8,6.58,success
1427,Gamma,ui,alta,2.43,0.3,121,0,68.1,5.33,success
1428,Delta,db,critica,10.18,8.18,171,0,95.5,3.53,success
1429,Beta,auth,media,5.08,10.42,26,0,43.9,11.2,success
1430,Delta,infra,media,3.49,6.94,36,0,53.5,8.13,success
1431,Beta,ui,media,4.85,4.39,36,0,87.6,7.46,success
1432,Alpha,ui,baja,3.07,7.25,79,0,,5.33,success
1433,Alpha,ui,baja,0.5,4.72,57,0,72.1,8.65,success
1434,Gamma,auth,critica,2.14,0.3,43,0,86.9,16.07,success
1435,Beta,api,alta,1.94,5.32,48,0,79.0,2.62,success
1436,Alpha,api,critica,0.5,2.1,33,0,45.0,7.16,success
1437,Beta,api,baja,0.54,0.3,57,0,81.3,7.44,success
1438,Gamma,ui,baja,3.12,3.6,182,0,69.3,7.38,success
1439,Beta,api,media,0.5,2.84,17,0,52.0,10.04,success
1440,Delta,auth,critica,8.94,4.88,91,0,70.2,2.8,success
1441,Delta,auth,baja,10.55,7.53,231,0,90.0,6.53,success
1442,Gamma,auth,baja,7.12,4.95,57,0,83.8,6.91,success
1443,Delta,auth,baja,4.84,6.39,41,0,71.7,5.69,success
1444,Beta,ui,alta,9.84,6.65,153,0,85.0,4.73,success
1445,Alpha,auth,alta,2.91,0.3,28,0,58.1,3.77,success
1446,Alpha,infra,media,7.9,5.12,65,0,51.2,6.32,success
1447,Delta,auth,baja,0.5,0.3,26,0,88.8,10.29,success
1448,Delta,auth,alta,2.15,0.3,12,0,37.5,3.53,success
1449,Gamma,infra,media,0.5,4.75,58,0,74.2,6.65,success
1450,Alpha,api,baja,5.87,7.03,21,0,97.2,7.29,success
1451,Beta,api,baja,5.24,2.23,66,0,60.1,7.2,success
1452,Alpha,infra,media,10.56,4.66,182,0,56.1,4.34,success
1453,Alpha,infra,baja,8.96,6.62,354,0,82.8,11.31,success
1454,Alpha,db,critica,2.62,0.3,73,0,84.8,8.31,success
1455,Gamma,auth,media,0.71,1.32,167,0,50.9,5.94,success
1456,Alpha,ui,media,5.79,5.15,95,0,47.8,8.69,success
1457,Delta,infra,media,2.06,3.5,47,0,82.8,4.89,success
1458,Beta,infra,media,4.63,5.13,12,0,84.5,9.16,success
1459,Beta,auth,baja,10.73,5.99,288,0,46.9,5.6,success
1460,Gamma,api,media,0.5,1.98,26,0,89.4,4.2,success
1461,Delta,api,baja,3.69,6.92,231,0,51.8,7.65,success
1462,Beta,auth,media,5.49,0.3,108,0,79.3,13.35,success
1463,Alpha,ui,alta,4.05,4.74,28,0,56.4,3.21,success
1464,Alpha,api,media,0.5,0.3,88,0,70.5,3.56,success
1465,Delta,api,media,15.39,14.24,455,0,62.3,9.09,success
1466,Alpha,auth,baja,7.33,7.94,266,0,87.0,7.79,success
1467,Gamma,api,media,0.5,3.76,42,0,52.2,6.9,success
1468,Beta,auth,baja,1.08,0.3,35,0,60.2,6.6,success
1469,Delta,api,critica,4.58,4.91,73,0,76.9,6.0,success
1470,Alpha,auth,media,1.87,3.56,57,0,65.8,8.71,success
1471,Delta,infra,alta,1.61,0.3,196,0,80.8,2.97,success
1472,Gamma,auth,media,6.31,5.65,130,0,72.1,3.69,success
1473,Beta,ui,alta,1.4,3.87,15,0,49.3,3.35,success
1474,Alpha,auth,baja,2.58,0.3,101,0,72.9,6.02,success
1475,Delta,auth,baja,2.74,4.65,57,0,81.9,,success
1476,Beta,auth,baja,3.03,3.57,69,0,94.5,7.72,success
1477,Beta,auth,baja,4.62,7.73,83,0,72.3,9.33,success
1478,Beta,auth,critica,7.14,4.75,196,0,64.6,3.01,success
1479,Alpha,api,alta,7.26,6.3,161,0,79.6,7.99,success
1480,Beta,ui,media,2.87,4.08,34,0,58.7,,success
1481,Alpha,auth,media,6.03,0.3,63,1,97.8,11.04,success
1482,Alpha,api,media,7.48,5.1,45,1,76.6,7.86,success
1483,Beta,ui,media,2.4,3.16,15,0,53.8,4.49,success
1484,Alpha,auth,alta,2.18,0.3,60,0,74.7,4.38,success
1485,Beta,api,media,8.22,8.12,351,0,71.3,21.31,success
1486,Delta,auth,alta,4.46,4.39,14,0,44.7,7.9,success
1487,Alpha,auth,baja,1.6,2.66,65,0,88.9,7.08,success
1488,Alpha,api,critica,10.01,9.31,63,0,76.8,3.15,success
1489,Alpha,infra,baja,11.83,7.57,86,0,79.6,,success
1490,Gamma,infra,media,2.09,2.86,28,0,95.3,6.74,success
1491,Beta,infra,alta,0.5,3.96,18,0,83.9,3.62,success
1492,Beta,api,baja,4.53,4.36,19,0,86.4,5.4,success
1493,Alpha,auth,baja,14.11,5.36,221,0,63.7,8.77,success
1494,Beta,api,media,0.5,1.93,28,0,74.5,5.86,success
1495,Beta,auth,media,8.98,7.05,43,0,66.2,9.75,success
1496,Beta,auth,critica,9.74,9.6,443,0,89.3,2.29,success
1497,Gamma,auth,alta,0.5,0.94,34,0,83.1,8.04,success
1498,Delta,api,media,5.71,2.48,91,0,28.3,9.32,success
1499,Beta,api,critica,10.27,5.23,174,0,86.8,8.99,success
1500,Delta,auth,media,6.77,9.17,166,0,71.4,4.7,success
1501,Gamma,db,alta,4.19,4.74,20,0,63.8,8.06,success
1502,Beta,api,baja,6.36,8.79,35,0,,6.54,success
1503,Alpha,infra,media,7.82,10.03,88,0,50.5,4.36,success
1504,Beta,auth,baja,11.47,6.52,378,0,91.4,7.12,success
1505,Gamma,ui,baja,0.5,0.3,34,0,67.7,4.56,success
1506,Alpha,auth,alta,6.04,4.8,43,0,69.9,6.13,success
1507,Delta,api,baja,6.34,6.84,97,0,69.0,7.21,success
1508,Beta,auth,media,7.25,2.35,116,0,93.1,3.78,success
1509,Delta,auth,media,3.6,4.8,123,0,92.4,,success
1510,Gamma,ui,baja,5.18,5.62,31,0,71.8,9.92,success
1511,Beta,api,media,0.5,0.3,41,1,47.6,9.74,success
1512,Alpha,auth,media,5.07,1.82,81,0,39.3,5.13,success
1513,Gamma,infra,alta,8.63,7.79,208,0,74.3,6.78,success
1514,Beta,auth,baja,3.98,9.07,54,0,64.9,12.7,success
1515,Alpha,ui,critica,5.99,4.36,65,0,66.4,3.82,success
1516,Delta,ui,alta,0.5,2.62,26,0,50.7,13.58,success
1517,Beta,api,media,14.74,8.83,357,1,65.8,14.07,success
1518,Alpha,api,media,4.36,4.71,77,1,53.7,9.22,success
1519,Beta,auth,alta,4.91,2.88,176,0,58.1,3.67,success
1520,Beta,db,alta,0.5,1.15,69,1,49.6,9.71,success
1521,Delta,auth,baja,10.12,13.69,72,0,66.3,5.31,success
1522,Gamma,auth,critica,2.26,3.12,17,0,37.0,2.31,success
1523,Alpha,api,critica,1.37,0.3,10,0,51.9,3.53,success
1524,Alpha,infra,media,5.2,6.23,206,0,43.8,5.2,success
1525,Gamma,db,alta,8.0,9.12,72,0,93.9,12.12,success
1526,Alpha,infra,media,7.04,7.41,80,0,83.6,9.22,success
1527,Beta,ui,alta,5.12,4.13,22,0,30.9,8.5,success
1528,Alpha,ui,alta,2.74,0.85,30,0,90.0,6.78,success
1529,Alpha,api,baja,9.15,4.76,173,0,96.6,6.52,success
1530,Delta,infra,baja,8.97,6.41,319,0,66.9,6.9,success
1531,Alpha,ui,baja,3.71,2.81,38,0,68.0,8.58,success
1532,Alpha,api,critica,5.52,3.42,122,0,86.7,2.54,success
1533,Delta,ui,media,5.21,7.66,79,0,58.2,4.33,success
1534,Alpha,ui,alta,0.5,4.1,60,0,96.5,7.88,success
1535,Delta,auth,media,18.49,15.76,353,0,94.7,8.06,success
1536,Alpha,api,baja,7.54,4.05,44,0,82.8,,success
1537,Alpha,api,critica,5.12,2.27,204,0,90.3,2.4,success
1538,Alpha,db,media,6.33,5.49,94,0,54.9,4.27,success
1539,Gamma,api,media,0.5,2.84,66,0,79.6,8.69,success
1540,Gamma,db,baja,9.17,7.18,229,0,79.5,11.08,success
1541,Beta,api,baja,0.5,2.67,87,0,64.5,5.58,success
1542,Alpha,db,baja,3.07,7.3,61,0,62.8,7.87,success
1543,Alpha,auth,media,7.66,5.55,231,1,45.9,8.32,success
1544,Gamma,infra,media,12.23,10.86,205,0,86.2,10.98,success
1545,Alpha,api,baja,12.26,10.15,197,0,65.4,4.82,success
1546,Gamma,api,baja,8.06,6.57,3,0,86.8,8.22,success
1547,Gamma,auth,baja,9.06,8.84,99,0,55.5,6.5,success
1548,Delta,api,media,4.69,2.39,81,0,73.7,4.36,success
1549,Beta,api,critica,5.11,2.14,65,0,78.2,2.04,success
1550,Alpha,db,media,6.45,6.45,115,0,28.7,4.11,success
1551,Beta,infra,baja,0.98,0.3,84,0,89.1,6.88,success
1552,Delta,ui,media,9.31,8.36,123,0,53.6,4.82,success
1553,Gamma,ui,critica,6.0,2.28,52,0,81.1,4.76,success
1554,Gamma,api,alta,12.31,12.68,257,0,,12.46,success
1555,Beta,db,alta,0.5,0.81,134,0,76.2,8.16,success
1556,Alpha,db,critica,6.45,9.0,109,0,98.9,6.95,success
1557,Delta,api,media,8.3,5.95,104,0,84.7,8.62,success
1558,Delta,infra,critica,7.62,5.44,189,0,85.0,5.75,success
1559,Delta,api,baja,5.43,6.92,167,0,,11.02,success
1560,Delta,db,alta,0.5,2.53,60,1,,6.96,success
1561,Beta,infra,alta,2.59,2.89,163,0,74.7,6.66,success
1562,Beta,db,critica,4.8,3.37,78,0,67.2,1.77,success
1563,Alpha,auth,media,12.61,8.08,374,1,54.6,12.67,success
1564,Delta,ui,alta,6.58,11.34,179,0,49.6,5.58,success
1565,Gamma,auth,baja,8.54,2.44,38,0,75.4,7.26,success
1566,Beta,db,media,14.52,7.21,543,1,,8.25,success
1567,Delta,api,media,1.21,5.17,10,0,29.4,3.93,success
1568,Gamma,ui,media,11.52,11.17,118,0,80.4,5.2,success
1569,Delta,infra,media,2.09,0.45,36,0,,6.47,success
1570,Delta,auth,baja,13.1,4.98,363,0,83.1,10.35,success
1571,Alpha,api,baja,4.06,7.12,84,0,98.3,11.03,success
1572,Beta,ui,baja,5.11,1.95,33,0,81.0,10.48,success
1573,Gamma,api,media,0.5,0.57,52,0,31.3,7.79,success
1574,Delta,auth,media,2.41,3.19,35,0,76.3,3.9,failed
1575,Alpha,auth,alta,3.67,1.02,51,0,70.3,5.17,success
1576,Beta,api,baja,0.51,4.12,50,0,79.2,12.78,success
1577,Gamma,ui,alta,4.23,4.09,34,0,73.5,12.48,success
1578,Delta,ui,media,7.03,3.51,85,0,76.1,3.87,success
1579,Alpha,auth,baja,6.03,3.13,95,1,54.4,12.1,success
1580,Gamma,api,baja,9.09,10.2,27,0,49.9,13.14,success
1581,Beta,api,media,1.15,1.49,15,0,51.0,9.94,success
1582,Alpha,api,media,5.94,6.6,88,0,86.1,6.31,success
1583,Gamma,db,baja,6.92,5.63,108,0,56.3,8.29,success
1584,Beta,api,baja,5.16,0.3,129,0,74.5,8.81,success
1585,Gamma,ui,baja,9.3,8.95,110,0,83.6,11.31,success
1586,Beta,infra,baja,11.11,10.85,275,0,91.1,11.17,success
1587,Delta,ui,baja,3.13,7.98,164,0,69.4,6.72,success
1588,Alpha,ui,alta,26.28,12.52,744,1,65.1,13.46,success
1589,Delta,auth,media,33.0,13.4,1086,0,75.1,12.25,success
1590,Alpha,auth,media,1.58,4.05,14,0,100.0,5.82,success
1591,Gamma,auth,media,1.39,0.84,9,0,64.6,11.91,success
1592,Beta,db,media,6.19,1.64,66,0,86.7,5.79,success
1593,Beta,db,baja,8.39,6.8,105,0,64.9,9.74,success
1594,Alpha,auth,baja,3.44,2.44,62,0,64.9,14.03,success
1595,Gamma,auth,baja,5.01,1.32,126,0,75.4,11.9,success
1596,Alpha,api,media,0.5,1.59,52,0,82.1,4.83,success
1597,Gamma,ui,media,0.57,3.26,36,0,93.9,7.55,success
1598,Gamma,ui,media,0.5,2.24,41,0,76.3,8.12,success
1599,Delta,ui,media,4.66,4.75,56,1,92.0,11.01,success
1600,Gamma,infra,critica,5.88,6.14,142,0,68.9,3.18,success
1601,Beta,api,baja,0.56,0.3,43,0,57.8,6.08,success
1602,Gamma,ui,media,4.07,3.81,51,0,72.1,5.92,success
1603,Delta,ui,media,5.12,5.17,111,0,76.7,3.92,success
1604,Beta,api,alta,0.5,0.86,56,0,80.1,7.11,success
1605,Alpha,infra,alta,10.35,5.64,182,0,69.0,13.07,success
1606,Delta,auth,alta,6.06,3.27,29,0,33.8,5.32,success
1607,Alpha,db,baja,2.1,2.03,24,0,64.9,6.08,success
1608,Gamma,db,media,5.88,7.31,88,0,82.8,4.14,success
1609,Alpha,infra,alta,4.03,7.74,96,0,92.8,9.41,success
1610,Alpha,ui,media,0.5,5.11,31,0,54.1,7.58,success
1611,Delta,api,critica,15.52,6.91,223,0,81.1,5.2,success
1612,Alpha,db,media,15.27,8.31,377,1,81.8,11.62,success
1613,Gamma,db,media,6.46,7.02,38,0,60.6,7.68,success
1614,Gamma,ui,media,8.62,9.92,254,0,58.5,8.04,failed
1615,Alpha,db,media,5.18,2.19,8,1,64.0,11.37,success
1616,Alpha,api,alta,3.71,4.18,176,0,52.5,7.74,success
1617,Delta,ui,baja,2.15,0.3,31,0,42.9,,success
1618,Gamma,infra,media,9.44,7.86,161,0,64.0,3.54,success
1619,Alpha,api,media,1.2,0.61,28,0,,4.75,success
1620,Delta,api,alta,6.77,6.02,63,0,77.8,3.84,success
1621,Beta,infra,media,3.87,0.79,32,0,68.2,4.89,success
1622,Alpha,db,critica,4.2,0.3,55,0,80.9,2.46,success
1623,Delta,infra,alta,10.11,15.31,346,0,83.4,6.36,success
1624,Alpha,api,baja,4.88,4.6,61,0,68.6,10.0,success
1625,Gamma,infra,alta,22.2,20.16,446,0,79.2,2.82,success
1626,Delta,auth,critica,3.96,7.65,47,0,68.6,2.62,success
1627,Gamma,ui,baja,11.61,4.38,255,0,72.4,5.07,success
1628,Gamma,api,media,4.93,5.36,15,0,70.8,3.41,success
1629,Beta,db,baja,0.5,0.3,52,0,86.6,7.69,success
1630,Alpha,infra,media,2.88,2.49,41,0,93.3,3.52,success
1631,Gamma,db,baja,9.4,2.43,266,0,88.3,7.56,success
1632,Delta,ui,alta,0.5,0.3,79,0,85.1,6.11,success
1633,Alpha,api,media,4.36,1.98,10,0,65.9,6.24,success
1634,Delta,ui,media,0.5,0.44,21,0,88.1,6.28,success
1635,Beta,ui,baja,4.85,4.51,27,0,69.0,7.13,success
1636,Gamma,auth,media,3.97,1.29,155,0,93.8,9.15,success
1637,Alpha,ui,media,11.47,8.76,138,0,76.0,12.32,success
1638,Gamma,infra,media,2.55,5.87,51,0,83.0,7.25,success
1639,Alpha,db,baja,8.24,7.13,41,0,48.8,6.01,success
1640,Beta,db,baja,5.29,4.51,127,0,86.1,5.6,success
1641,Gamma,api,media,2.53,3.87,24,0,70.2,3.48,success
1642,Alpha,ui,critica,9.12,3.38,101,0,91.1,9.26,success
1643,Beta,auth,baja,2.04,5.1,93,0,61.6,6.86,success
1644,Gamma,api,media,3.74,0.75,52,0,69.3,5.81,success
1645,Alpha,api,baja,6.26,9.14,95,0,85.4,7.63,success
1646,Beta,api,alta,5.4,6.67,73,0,71.7,4.3,success
1647,Beta,auth,baja,5.25,6.04,104,0,54.6,8.14,success
1648,Gamma,ui,media,2.27,4.36,20,0,68.4,7.1,success
1649,Delta,api,media,8.15,6.39,116,0,79.4,7.53,success
1650,Delta,api,baja,7.6,4.09,168,0,83.6,5.06,failed
1651,Alpha,auth,baja,7.19,3.46,89,0,87.7,4.5,rolled_back
1652,Alpha,ui,media,6.47,9.76,115,0,58.6,8.97,success
1653,Alpha,api,media,5.5,5.06,60,0,92.9,5.74,success
1654,Gamma,api,critica,10.47,4.99,149,0,69.6,2.81,success
1655,Alpha,ui,media,3.32,4.78,71,0,49.6,9.49,success
1656,Alpha,auth,critica,5.61,5.72,24,0,87.0,2.87,success
1657,Delta,infra,media,5.7,4.1,140,0,61.7,4.52,success
1658,Delta,auth,baja,0.5,0.3,15,0,88.2,6.26,success
1659,Delta,api,baja,3.54,5.46,86,0,80.8,5.98,success
1660,Beta,auth,media,1.24,4.61,47,0,90.7,4.82,failed
1661,Gamma,ui,baja,4.67,5.11,45,0,,9.74,success
1662,Gamma,api,alta,3.33,3.68,78,0,87.8,10.55,success
1663,Alpha,infra,media,3.38,1.57,35,0,56.9,4.3,success
1664,Gamma,api,media,8.76,7.96,106,0,79.2,6.32,success
1665,Gamma,ui,media,9.34,5.52,70,0,88.4,4.85,success
1666,Beta,auth,media,4.02,0.73,38,0,55.8,9.93,success
1667,Delta,auth,media,12.09,11.57,222,0,87.9,7.23,success
1668,Gamma,api,baja,3.77,1.19,80,0,54.8,7.59,success
1669,Gamma,ui,baja,0.5,0.3,118,0,54.4,9.55,success
1670,Gamma,api,baja,5.01,7.78,239,0,86.7,10.64,success
1671,Delta,infra,baja,8.43,2.2,235,0,85.1,9.45,success
1672,Gamma,db,media,8.17,5.43,112,0,78.5,8.12,success
1673,Beta,infra,baja,2.95,0.53,51,0,23.0,13.37,success
1674,Delta,api,baja,6.28,3.46,18,0,90.7,8.66,success
1675,Gamma,db,critica,10.86,13.58,80,0,94.5,2.76,success
1676,Delta,ui,critica,4.56,3.98,179,0,58.4,4.88,success
1677,Alpha,ui,media,10.3,8.58,92,0,60.5,5.3,success
1678,Beta,infra,media,0.5,3.78,3,0,82.5,11.76,success
1679,Delta,ui,alta,12.22,7.21,146,0,85.6,4.57,success
1680,Gamma,infra,baja,6.5,8.09,154,0,64.5,6.74,success
1681,Delta,db,media,2.79,4.11,51,0,85.4,5.89,success
1682,Alpha,auth,baja,6.84,7.49,162,0,84.4,8.19,success
1683,Alpha,ui,media,3.42,1.74,117,0,80.3,4.94,success
1684,Delta,api,critica,7.82,7.3,36,0,91.2,3.14,success
1685,Beta,infra,alta,6.19,5.19,209,1,86.7,6.44,success
1686,Gamma,db,critica,0.64,4.71,21,0,51.6,9.36,success
1687,Beta,auth,alta,0.5,0.45,63,0,84.0,7.02,success
1688,Beta,auth,media,1.55,7.51,58,0,72.1,5.73,success
1689,Delta,auth,alta,0.75,2.8,32,0,53.3,4.27,success
1690,Alpha,api,media,2.64,2.77,88,0,73.3,4.48,success
1691,Delta,auth,media,7.96,5.67,217,0,40.6,5.43,success
1692,Delta,db,baja,4.63,4.26,205,0,76.0,6.95,success
1693,Gamma,ui,media,11.47,6.81,128,0,78.7,10.03,success
1694,Beta,db,baja,1.96,4.34,14,0,57.3,5.6,success
1695,Alpha,api,media,3.58,3.62,20,0,70.7,6.87,success
1696,Gamma,ui,baja,7.35,10.77,77,0,60.6,8.98,success
1697,Beta,auth,media,10.02,6.43,65,0,72.0,4.77,success
1698,Alpha,infra,baja,5.66,4.59,43,0,,4.87,success
1699,Beta,auth,baja,12.36,7.83,370,0,55.9,7.96,success
1700,Delta,auth,media,0.8,6.65,73,0,77.1,4.46,success
1701,Beta,auth,baja,6.28,1.65,109,0,46.6,8.37,success
1702,Alpha,db,critica,9.63,7.51,162,0,73.5,5.01,success
1703,Gamma,auth,media,4.6,5.04,70,0,63.9,9.03,success
1704,Alpha,ui,media,22.78,12.35,687,1,100.0,13.38,success
1705,Delta,db,baja,3.54,10.23,29,0,74.3,4.99,success
1706,Delta,db,alta,0.5,0.3,39,0,16.6,6.89,success
1707,Delta,auth,media,3.33,3.58,29,0,80.8,7.14,success
1708,Delta,auth,media,12.47,13.19,272,0,64.3,7.04,success
1709,Alpha,api,baja,5.99,4.16,137,0,79.6,10.68,success
1710,Alpha,auth,alta,6.16,5.56,41,0,58.6,3.63,success
1711,Beta,ui,critica,6.4,4.48,31,0,54.5,7.6,failed
1712,Beta,api,media,7.45,5.84,232,0,79.1,7.78,success
1713,Delta,api,baja,6.16,7.9,92,0,90.4,4.87,success
1714,Gamma,auth,baja,9.26,6.0,237,0,55.9,6.28,success
1715,Gamma,ui,baja,0.5,0.3,63,0,92.0,7.5,success
1716,Delta,auth,alta,4.59,4.17,106,0,94.9,2.86,success
1717,Gamma,ui,critica,0.97,2.24,87,0,66.7,5.89,failed
1718,Beta,auth,critica,3.54,4.11,38,0,65.9,7.65,success
1719,Beta,infra,alta,5.82,4.53,59,0,81.1,7.76,success
1720,Gamma,ui,baja,1.92,0.5,23,0,39.8,9.45,success
1721,Alpha,auth,critica,2.77,2.55,104,0,79.6,3.46,success
1722,Gamma,auth,baja,6.79,9.99,132,0,72.2,8.87,success
1723,Gamma,api,baja,15.51,10.7,163,0,94.8,13.13,success
1724,Gamma,auth,media,0.5,3.43,121,0,85.7,4.14,success
1725,Gamma,auth,baja,4.59,1.67,59,0,71.9,5.19,success
1726,Delta,infra,alta,8.38,5.8,270,1,51.4,6.39,success
1727,Delta,ui,critica,5.12,2.07,149,0,71.9,4.33,success
1728,Gamma,auth,alta,8.62,9.91,233,0,58.6,3.5,success
1729,Beta,ui,alta,8.35,2.62,246,0,71.9,7.48,success
1730,Alpha,api,media,5.37,5.65,60,0,48.7,6.37,success
1731,Delta,infra,baja,4.09,4.81,95,0,81.5,7.49,success
1732,Delta,auth,alta,0.5,2.49,134,0,79.4,8.56,success
1733,Gamma,db,media,7.24,0.3,24,0,90.1,3.82,success
1734,Delta,db,critica,6.29,0.3,24,0,,5.27,success
1735,Delta,auth,baja,0.71,2.22,21,0,63.8,8.43,success
1736,Delta,auth,baja,3.99,1.59,61,0,49.8,12.14,success
1737,Gamma,api,media,7.77,4.55,49,0,68.8,15.21,success
1738,Alpha,infra,media,5.24,3.58,18,0,80.5,4.08,success
1739,Alpha,ui,alta,7.82,3.56,76,0,37.9,4.27,success
1740,Alpha,ui,critica,4.81,1.32,61,0,53.9,1.69,success
1741,Beta,db,baja,10.1,7.56,193,1,36.9,11.14,failed
1742,Gamma,db,media,19.21,8.26,408,1,65.4,15.33,success
1743,Beta,api,baja,4.0,2.64,101,0,79.5,9.79,success
1744,Alpha,ui,baja,4.23,2.37,36,0,86.1,6.9,success
1745,Alpha,db,media,0.5,1.74,119,0,88.4,6.07,success
1746,Delta,api,media,0.5,7.77,67,0,76.7,4.05,success
1747,Delta,infra,media,5.2,2.17,54,0,77.2,4.2,success
1748,Beta,auth,media,4.89,5.45,31,0,86.7,6.21,success
1749,Delta,auth,media,2.1,3.31,44,0,33.6,,success
1750,Gamma,db,alta,1.57,3.84,57,0,40.8,7.51,success
1751,Delta,api,baja,5.02,3.98,138,0,82.2,10.37,success
1752,Delta,auth,baja,5.79,8.58,106,0,64.6,6.35,success
1753,Gamma,auth,alta,4.18,5.72,345,0,44.0,6.33,success
1754,Beta,ui,alta,7.06,7.49,122,0,49.7,5.18,success
1755,Gamma,db,alta,5.05,0.99,98,0,83.8,5.09,success
1756,Beta,auth,baja,4.27,4.3,51,0,81.2,12.32,success
1757,Beta,auth,media,2.41,1.67,26,0,88.5,3.89,success
1758,Gamma,api,critica,0.5,0.3,40,0,82.7,9.15,success
1759,Gamma,infra,media,0.5,0.3,36,0,58.9,8.75,success
1760,Gamma,api,media,7.59,5.91,7,0,60.4,7.07,success
1761,Beta,infra,critica,0.88,3.17,27,0,62.5,6.51,success
1762,Beta,infra,baja,12.88,11.68,282,0,81.5,7.12,success
1763,Alpha,api,alta,1.97,5.02,93,0,19.9,4.18,success
1764,Gamma,db,alta,3.39,4.27,48,0,78.8,3.61,success
1765,Gamma,ui,baja,3.29,3.61,95,0,86.3,10.07,success
1766,Delta,ui,alta,1.42,1.54,11,0,86.7,5.89,success
1767,Gamma,api,media,3.38,2.91,86,0,65.4,12.84,success
1768,Beta,db,alta,12.66,7.15,211,0,50.3,7.6,success
1769,Alpha,db,critica,8.83,5.73,60,0,97.1,5.27,success
1770,Alpha,db,alta,3.04,4.21,14,0,,4.1,success
1771,Beta,infra,baja,2.14,6.63,46,0,69.8,6.49,success
1772,Beta,api,alta,4.34,3.73,211,0,73.0,3.95,success
1773,Beta,db,critica,0.5,0.3,84,0,81.4,5.72,success
1774,Beta,infra,media,6.92,8.08,19,0,76.9,5.85,success
1775,Delta,auth,media,14.22,5.03,562,0,84.8,5.06,success
1776,Alpha,auth,baja,1.51,5.01,22,0,53.1,14.59,success
1777,Beta,api,alta,4.09,0.37,54,0,67.1,9.03,success
1778,Alpha,infra,baja,0.5,3.44,26,0,65.5,7.48,success
1779,Beta,api,baja,0.5,0.61,26,0,48.7,7.71,success
1780,Gamma,db,critica,0.5,2.6,44,0,83.6,6.89,success
1781,Alpha,auth,critica,3.8,8.99,118,0,70.0,,success
1782,Beta,api,critica,9.17,4.91,213,0,70.4,2.28,success
1783,Alpha,ui,media,6.09,2.65,47,0,53.1,4.91,success
1784,Delta,auth,baja,0.71,2.12,27,0,72.2,7.75,success
1785,Gamma,infra,media,3.46,7.39,103,0,78.4,6.52,success
1786,Alpha,auth,baja,4.84,4.85,105,0,98.0,4.9,success
1787,Alpha,infra,alta,2.39,3.05,83,0,91.7,7.75,success
1788,Alpha,auth,media,5.64,5.31,85,0,62.4,3.75,success
1789,Beta,infra,media,5.15,2.08,60,0,55.2,4.37,success
1790,Delta,ui,baja,0.5,2.25,73,0,73.2,10.19,success
1791,Gamma,auth,media,5.97,4.1,57,0,58.3,5.77,success
1792,Delta,auth,alta,7.65,9.4,175,0,71.1,9.47,success
1793,Beta,auth,alta,17.66,14.09,496,1,67.0,,success
1794,Beta,ui,baja,7.88,2.92,78,0,67.1,5.27,success
1795,Beta,db,baja,0.5,1.09,66,0,69.0,6.62,success
1796,Alpha,api,media,1.24,3.56,84,0,76.5,5.02,success
1797,Delta,api,baja,2.89,0.78,37,0,72.4,6.4,success
1798,Alpha,ui,critica,0.5,0.3,133,0,65.1,3.15,success
1799,Beta,ui,media,4.34,2.95,99,0,84.5,4.32,success
1800,Gamma,ui,baja,6.37,6.18,46,0,81.8,11.1,success
1801,Alpha,api,alta,7.53,8.61,150,0,87.9,3.53,success
1802,Beta,db,media,4.28,4.65,68,0,63.6,5.68,success
1803,Beta,infra,baja,2.14,8.94,28,0,79.3,5.55,success
1804,Beta,api,media,3.48,1.9,92,1,83.4,10.66,success
1805,Alpha,auth,baja,3.22,5.28,83,0,63.9,6.8,success
1806,Alpha,auth,media,7.34,3.13,158,0,58.4,5.1,success
1807,Alpha,ui,alta,2.18,6.84,141,0,68.2,8.97,success
1808,Beta,api,critica,8.19,9.81,60,0,89.9,4.1,success
1809,Alpha,infra,baja,1.4,4.12,44,0,87.7,7.32,success
1810,Delta,ui,media,5.77,0.62,67,0,,3.7,success
1811,Alpha,ui,baja,4.97,6.24,92,0,72.9,7.71,failed
1812,Gamma,db,media,1.02,0.3,103,0,91.8,8.44,success
1813,Gamma,api,baja,9.17,8.14,87,0,89.4,5.86,success
1814,Beta,db,media,7.07,2.11,61,0,84.1,5.6,success
1815,Delta,auth,baja,1.96,3.35,164,0,59.1,12.02,success
1816,Alpha,ui,critica,2.89,2.35,36,0,71.3,3.27,success
1817,Alpha,infra,alta,21.17,12.26,621,0,49.5,6.97,success
1818,Beta,db,baja,0.5,3.28,133,0,95.6,6.93,success
1819,Alpha,infra,alta,0.5,1.67,24,0,42.2,9.06,success
1820,Beta,api,baja,1.87,2.11,79,0,74.6,8.21,success
1821,Beta,db,alta,2.08,4.59,134,0,51.6,,success
1822,Delta,ui,baja,0.5,6.56,49,0,71.8,5.22,success
1823,Beta,ui,baja,0.5,2.49,17,0,69.6,13.14,success
1824,Delta,auth,media,2.39,0.3,26,0,69.8,7.53,failed
1825,Delta,auth,media,2.45,0.3,109,0,96.3,6.94,success
1826,Delta,ui,media,5.94,5.24,14,0,70.8,5.32,success
1827,Alpha,auth,media,3.01,5.87,18,0,35.6,3.84,success
1828,Delta,db,baja,7.75,6.49,108,0,48.4,8.36,success
1829,Gamma,db,baja,0.5,3.08,55,0,67.0,8.23,success
1830,Delta,infra,media,1.1,2.01,36,0,69.3,7.84,success
1831,Beta,auth,media,3.7,6.13,43,0,50.3,10.4,success
1832,Delta,infra,baja,3.97,5.42,18,0,64.1,7.96,success
1833,Gamma,auth,media,2.8,0.63,103,0,85.4,3.73,success
1834,Alpha,api,media,1.65,3.61,32,0,69.7,8.08,success
1835,Beta,db,media,2.06,0.3,41,0,80.7,12.15,success
1836,Alpha,auth,alta,3.95,4.99,91,0,60.8,5.12,success
1837,Delta,auth,media,10.42,7.05,53,0,59.1,5.91,failed
1838,Beta,auth,media,3.99,4.3,35,0,58.1,5.7,success
1839,Alpha,ui,media,2.43,3.77,11,0,90.9,6.38,success
1840,Gamma,db,baja,0.5,2.5,93,0,71.4,8.35,success
1841,Beta,auth,baja,0.5,5.34,72,0,91.8,9.0,success
1842,Alpha,auth,baja,2.7,3.21,42,1,75.8,11.84,success
1843,Delta,ui,alta,6.35,5.78,26,0,41.4,4.24,success
1844,Delta,auth,baja,3.38,6.85,67,0,71.4,4.37,success
1845,Gamma,db,media,4.54,8.97,103,0,46.6,3.73,success
1846,Gamma,infra,media,1.56,2.39,73,0,79.3,5.49,success
1847,Beta,db,media,5.5,3.52,291,0,68.5,7.2,success
1848,Gamma,infra,alta,7.32,4.74,126,0,76.3,4.46,success
1849,Gamma,ui,media,2.93,4.38,61,0,72.8,8.4,success
1850,Alpha,db,baja,7.06,5.23,130,0,85.5,6.11,success
1851,Alpha,auth,alta,4.5,0.3,70,0,60.6,4.1,success
1852,Beta,auth,media,1.18,5.02,69,0,41.3,9.56,success
1853,Beta,ui,baja,9.1,9.0,214,0,82.8,8.3,success
1854,Alpha,auth,alta,0.5,4.67,30,0,87.3,8.06,success
1855,Alpha,infra,media,4.61,7.63,68,0,59.2,7.24,success
1856,Delta,ui,baja,7.65,6.57,195,0,80.4,7.71,success
1857,Beta,infra,critica,9.26,7.71,88,0,93.6,5.35,success
1858,Gamma,api,media,0.5,4.32,48,0,48.9,4.22,success
1859,Gamma,api,media,0.5,0.3,14,0,79.2,3.43,success
1860,Gamma,db,baja,0.81,1.1,9,0,89.7,5.31,success
1861,Gamma,auth,baja,17.11,11.62,432,0,68.9,4.91,success
1862,Beta,ui,media,0.5,4.1,88,0,84.2,7.03,success
1863,Delta,ui,media,5.93,3.71,39,0,54.9,9.65,success
1864,Beta,infra,media,4.1,2.18,91,0,96.7,4.19,success
1865,Delta,db,alta,0.5,0.72,28,0,20.4,5.96,success
1866,Beta,auth,baja,2.37,4.1,49,0,73.3,12.52,success
1867,Alpha,api,alta,0.94,1.89,29,0,72.2,7.83,success
1868,Delta,ui,alta,0.5,0.3,19,0,50.1,6.44,success
1869,Alpha,auth,alta,0.5,0.3,10,0,79.3,5.38,success
1870,Delta,api,alta,4.79,4.72,16,0,67.3,6.2,success
1871,Alpha,api,alta,5.55,5.25,167,0,66.2,5.72,success
1872,Alpha,auth,baja,1.79,2.64,27,0,86.1,7.1,success
1873,Gamma,ui,media,8.22,5.26,108,0,60.9,4.39,success
1874,Delta,auth,critica,6.92,7.62,158,0,84.5,3.19,success
1875,Beta,ui,media,0.5,2.72,68,0,81.5,6.89,success
1876,Alpha,auth,baja,5.29,5.51,51,0,67.9,10.49,success
1877,Alpha,db,critica,8.12,7.3,75,0,49.8,2.42,success
1878,Delta,auth,baja,4.97,8.48,46,0,89.4,15.2,success
1879,Gamma,infra,baja,4.86,1.86,197,0,65.2,4.86,failed
1880,Alpha,auth,baja,8.99,5.84,361,0,93.4,5.77,success
1881,Beta,ui,media,6.68,4.67,246,0,85.9,7.01,success
1882,Beta,api,media,2.61,6.21,10,0,61.9,8.09,success
1883,Alpha,auth,media,7.07,4.81,45,0,74.7,5.01,rolled_back
1884,Delta,api,critica,1.61,0.48,67,0,89.0,4.55,success
1885,Gamma,db,media,2.74,2.88,101,0,80.4,5.89,success
1886,Alpha,infra,media,5.08,4.81,14,0,64.0,5.52,success
1887,Gamma,api,alta,0.89,5.02,14,0,,3.65,success
1888,Beta,auth,alta,13.62,8.72,216,0,87.8,6.05,success
1889,Alpha,db,baja,28.023940539101364,1.47,40,0,82.5,8.3,success
1890,Beta,ui,baja,6.01,2.83,17,0,77.4,7.46,failed
1891,Alpha,auth,media,3.75,2.89,25,0,59.1,8.41,success
1892,Alpha,db,alta,6.69,11.92,95,0,89.4,6.04,success
1893,Delta,ui,media,2.4,3.9,32,0,92.9,4.79,success
1894,Gamma,ui,baja,4.1,5.46,83,0,95.0,12.58,success
1895,Alpha,api,alta,3.93,3.86,28,0,,6.76,success
1896,Delta,api,media,4.94,4.81,14,0,68.5,5.58,success
1897,Gamma,auth,media,11.06,10.1,240,0,58.8,5.29,success
1898,Delta,db,alta,0.5,3.21,95,0,34.0,4.36,success
1899,Gamma,auth,alta,4.38,5.0,49,0,58.2,3.41,success
1900,Beta,db,media,1.29,2.31,42,0,91.5,4.94,success
1901,Gamma,db,media,7.54,5.14,249,1,62.3,10.62,success
1902,Gamma,db,media,7.03,6.78,114,0,78.8,7.77,success
1903,Gamma,auth,media,13.6,9.87,187,0,67.5,10.71,success
1904,Alpha,api,media,2.56,8.37,39,0,87.7,5.62,success
1905,Beta,api,alta,10.02,10.14,70,0,52.5,5.96,success
1906,Alpha,ui,media,2.02,1.03,96,0,81.3,6.8,success
1907,Beta,infra,media,6.93,2.73,41,0,88.1,4.92,success
1908,Alpha,api,baja,4.95,3.47,61,0,57.0,8.67,success
1909,Alpha,infra,alta,3.71,1.02,39,0,58.2,3.1,success
1910,Delta,auth,media,9.25,5.9,96,0,80.0,6.03,success
1911,Alpha,api,baja,0.94,0.3,20,0,93.6,6.8,success
1912,Delta,auth,media,9.39,6.32,112,0,64.3,5.04,success
1913,Alpha,db,baja,4.1,3.17,88,0,89.1,8.29,success
1914,Delta,auth,critica,1.65,2.86,56,0,74.0,8.94,success
1915,Beta,api,alta,1.02,1.59,100,0,56.6,7.97,success
1916,Gamma,db,media,9.04,4.67,48,0,96.1,6.74,success
1917,Beta,ui,media,6.5,8.44,36,0,73.0,8.57,success
1918,Beta,auth,alta,3.84,4.81,109,0,95.5,11.38,success
1919,Beta,auth,media,7.03,4.36,113,0,95.9,4.81,success
1920,Gamma,ui,critica,3.71,1.51,42,0,84.8,4.21,success
1921,Beta,api,baja,2.11,0.3,39,0,89.7,8.59,success
1922,Gamma,auth,baja,7.12,1.92,57,0,56.2,8.84,success
1923,Delta,ui,media,1.26,4.87,41,0,63.8,5.63,success
1924,Beta,auth,baja,3.32,5.85,263,0,35.8,7.99,success
1925,Beta,ui,media,5.45,3.31,89,0,62.0,5.74,success
1926,Alpha,api,alta,4.21,7.44,68,0,71.8,5.26,success
1927,Beta,auth,baja,1.09,3.7,29,0,87.8,4.93,success
1928,Alpha,auth,media,3.57,4.15,130,0,83.8,10.73,success
1929,Alpha,auth,media,0.5,3.95,38,0,94.3,3.59,success
1930,Delta,auth,alta,1.96,4.22,37,0,63.3,4.27,success
1931,Alpha,api,media,3.74,4.13,134,0,67.7,7.77,success
1932,Beta,infra,baja,7.71,5.53,94,0,57.4,10.55,success
1933,Delta,db,media,3.84,3.54,7,0,60.7,5.71,success
1934,Delta,api,media,2.21,0.3,58,0,75.1,8.17,success
1935,Alpha,ui,alta,5.61,2.86,75,0,86.3,5.15,success
1936,Alpha,ui,media,3.19,7.91,49,0,76.7,7.04,success
1937,Beta,db,baja,3.5,1.53,77,0,,6.45,success
1938,Gamma,auth,alta,2.2,0.3,13,0,72.3,6.93,success
1939,Delta,api,media,7.74,8.4,5,0,77.6,4.18,success
1940,Alpha,api,baja,4.52,4.83,28,0,68.3,14.96,success
1941,Alpha,auth,media,3.8,4.54,86,0,54.0,4.95,success
1942,Beta,api,critica,4.8,3.99,4,0,30.4,2.51,success
1943,Delta,infra,alta,5.64,7.16,31,0,61.6,5.31,success
1944,Alpha,infra,baja,3.04,7.15,12,0,90.2,6.7,success
1945,Beta,auth,alta,2.63,1.77,54,0,63.9,9.75,success
1946,Alpha,api,baja,12.61,10.65,388,0,68.0,13.82,success
1947,Alpha,api,media,0.85,4.81,55,0,64.4,5.0,success
1948,Delta,api,media,4.4,2.7,61,0,,7.38,success
1949,Alpha,ui,baja,4.67,8.08,142,0,80.2,8.26,success
1950,Beta,auth,baja,2.73,5.93,68,0,47.4,8.48,success
1951,Delta,db,critica,5.62,1.77,55,0,67.0,2.76,success
1952,Gamma,infra,baja,12.57,13.03,154,0,65.9,5.72,success
1953,Alpha,ui,alta,6.04,2.15,102,0,74.7,5.54,success
1954,Beta,ui,media,4.26,2.34,86,0,72.0,7.14,success
1955,Delta,ui,media,3.71,5.44,59,0,81.4,4.07,success
1956,Beta,api,baja,6.88,8.23,49,0,84.4,6.38,success
1957,Gamma,auth,baja,7.93,6.5,152,0,93.3,7.13,success
1958,Gamma,ui,baja,4.15,2.42,49,0,66.3,10.76,success
1959,Gamma,auth,media,8.99,6.24,202,0,79.4,8.46,success
1960,Alpha,db,critica,0.5,0.85,26,0,62.8,8.73,success
1961,Delta,api,alta,10.49,9.9,242,0,67.3,5.29,success
1962,Delta,api,baja,2.3,1.87,102,0,56.9,6.58,success
1963,Alpha,api,baja,3.87,2.19,28,0,88.7,11.43,success
1964,Delta,infra,baja,2.83,0.3,105,0,91.9,7.32,success
1965,Delta,auth,critica,4.98,3.0,37,0,78.6,6.0,rolled_back
1966,Gamma,auth,baja,3.53,3.32,69,0,74.0,4.75,success
1967,Beta,auth,baja,0.5,0.3,43,0,32.6,7.22,success
1968,Beta,ui,media,2.9,0.3,59,0,85.7,6.15,success
1969,Delta,infra,media,13.65,12.14,156,0,57.7,6.09,success
1970,Alpha,auth,baja,0.5,0.3,106,0,97.3,7.6,success
1971,Delta,infra,media,3.25,0.3,24,0,61.6,10.09,success
1972,Delta,api,baja,0.5,5.72,26,0,75.3,6.42,success
1973,Gamma,ui,baja,9.41,9.27,85,0,81.8,9.62,success
1974,Beta,auth,baja,7.18,8.37,91,0,85.8,5.14,success
1975,Gamma,api,media,3.74,5.01,36,0,89.2,4.05,success
1976,Alpha,ui,critica,12.76,12.43,279,0,66.8,2.8,success
1977,Delta,ui,media,6.94,7.87,139,0,75.4,4.92,success
1978,Beta,auth,alta,3.16,2.53,38,0,67.0,7.48,success
1979,Alpha,db,baja,1.49,0.3,35,0,47.1,7.64,success
1980,Delta,infra,alta,2.48,0.3,54,0,87.8,2.85,success
1981,Gamma,api,critica,1.83,2.25,49,0,94.3,4.89,success
1982,Gamma,ui,media,8.25,3.7,207,1,89.3,10.69,success
1983,Alpha,db,critica,1.92,0.66,162,0,85.0,1.31,success
1984,Delta,auth,media,7.32,5.51,69,0,47.4,10.53,success
1985,Gamma,infra,alta,12.56,12.53,123,0,49.9,3.84,success
1986,Delta,api,baja,4.84,0.63,140,0,78.2,9.56,success
1987,Delta,db,media,7.81,6.26,70,0,89.5,7.59,success
1988,Alpha,auth,media,4.53,1.09,96,0,78.2,4.27,success
1989,Alpha,api,critica,3.85,2.42,114,0,94.7,7.83,success
1990,Delta,ui,critica,3.88,6.15,103,0,46.2,5.32,success
1991,Gamma,ui,media,3.29,1.35,33,0,59.0,9.6,success
1992,Beta,infra,critica,0.92,1.39,36,0,80.4,10.01,success
1993,Beta,infra,alta,5.35,5.06,51,0,61.3,3.65,success
1994,Gamma,auth,media,1.22,3.98,35,0,55.3,6.91,success
1995,Delta,api,baja,0.5,0.43,18,0,89.7,5.15,success
1996,Alpha,api,baja,5.64,8.04,123,0,39.7,10.76,success
1997,Gamma,api,baja,2.28,1.76,91,0,80.8,4.92,success
1998,Delta,api,baja,1.57,3.65,20,0,,5.38,success
1999,Beta,infra,critica,3.46,3.1,54,0,82.8,3.31,success
2000,Beta,db,baja,0.5,3.65,56,0,95.9,7.32,success
2001,Delta,auth,media,8.98,11.96,79,0,83.1,8.52,success
2002,Alpha,api,media,4.87,3.73,25,0,95.9,3.8,success
2003,Beta,ui,media,0.71,1.89,20,0,65.1,6.87,success
2004,Beta,api,baja,5.12,3.49,106,0,75.1,6.22,success
2005,Delta,auth,media,4.52,2.75,17,0,85.4,6.04,success
2006,Alpha,api,media,4.16,2.25,54,0,65.0,10.36,success
2007,Beta,api,media,9.14,6.94,50,0,84.6,6.4,success
2008,Alpha,auth,baja,3.18,1.47,60,0,66.9,8.76,success
2009,Delta,db,alta,8.27,4.6,84,0,71.4,2.63,success
2010,Gamma,api,baja,5.72,0.3,281,0,79.1,5.94,success
2011,Beta,ui,media,0.5,5.26,16,0,95.1,6.14,success
2012,Beta,ui,media,11.46,12.49,147,0,65.9,3.99,success
2013,Alpha,infra,baja,1.08,3.77,7,0,88.8,4.88,success
2014,Delta,auth,alta,5.33,2.51,234,0,62.5,3.87,success
2015,Gamma,auth,baja,2.16,0.3,11,0,60.5,7.34,success
2016,Beta,api,critica,23.73,11.83,598,0,57.5,6.5,success
2017,Beta,api,alta,1.12,3.77,47,0,78.9,7.42,success
2018,Gamma,api,media,8.24,9.61,213,0,82.3,5.85,success
2019,Gamma,db,baja,0.76,2.37,177,0,92.4,7.64,success
2020,Beta,auth,baja,1.94,4.81,45,0,40.0,5.07,success
2021,Beta,auth,critica,6.43,6.47,48,0,57.7,11.34,success
2022,Gamma,api,media,0.5,0.3,31,0,63.1,10.96,success
2023,Gamma,db,baja,1.56,4.96,135,0,71.6,8.26,success
2024,Gamma,infra,media,0.64,4.25,46,0,68.0,5.53,success
2025,Alpha,db,baja,1.37,0.3,32,0,80.5,10.61,success
2026,Beta,ui,media,7.53,8.04,108,0,77.1,13.27,success
2027,Gamma,db,media,4.24,3.67,30,0,74.9,7.46,success
2028,Delta,ui,baja,5.31,4.03,50,0,59.6,9.56,success
2029,Gamma,auth,alta,4.29,5.05,73,0,34.4,4.18,success
2030,Beta,ui,baja,1.25,3.15,37,0,60.1,5.25,success
2031,Gamma,db,media,0.55,4.05,43,0,79.2,5.92,success
2032,Alpha,api,media,11.08,6.02,265,0,85.3,7.85,success
2033,Alpha,ui,critica,7.8,7.59,55,0,71.2,2.04,success
2034,Gamma,api,media,0.5,0.3,48,0,55.8,12.71,success
2035,Delta,ui,critica,0.5,1.35,57,0,80.5,5.8,success
2036,Delta,auth,media,1.41,2.07,100,0,35.2,8.34,success
2037,Gamma,ui,alta,5.71,7.35,26,0,83.6,2.62,success
2038,Alpha,infra,baja,4.83,4.42,98,0,93.7,6.4,success
2039,Delta,auth,alta,6.27,4.61,84,0,80.9,5.55,success
2040,Beta,api,baja,0.87,5.59,13,0,40.5,5.44,success
2041,Beta,auth,critica,13.9,8.77,335,0,85.6,13.58,success
2042,Delta,auth,critica,8.53,5.44,248,0,85.1,8.81,success
2043,Gamma,infra,media,0.5,0.3,32,0,76.0,6.59,success
2044,Gamma,api,media,5.98,4.55,24,0,73.5,8.84,success
2045,Beta,api,media,4.35,1.76,82,0,50.3,5.54,failed
2046,Delta,api,baja,1.56,1.81,18,0,94.0,10.97,success
2047,Beta,infra,media,9.68,7.91,228,0,72.8,5.94,success
2048,Gamma,api,media,0.5,0.3,44,0,66.5,12.31,success
2049,Delta,db,media,11.97,6.62,287,0,70.3,4.96,success
2050,Gamma,api,baja,0.86,0.3,32,0,59.9,5.2,success
2051,Alpha,auth,critica,3.39,2.26,60,0,79.4,4.38,success
2052,Beta,ui,baja,11.69,6.15,209,0,59.3,6.02,success
2053,Beta,auth,media,5.43,10.12,50,0,69.8,7.48,success
2054,Delta,ui,baja,3.99,7.65,85,0,71.6,5.75,success
2055,Gamma,api,baja,6.98,9.04,178,0,67.6,16.61,success
2056,Beta,db,baja,0.5,0.3,40,0,79.8,5.16,success
2057,Gamma,db,media,0.5,1.36,21,0,90.3,7.63,success
2058,Gamma,db,media,3.13,0.37,18,0,82.5,5.5,success
2059,Beta,auth,media,3.1,7.97,113,0,96.9,11.42,success
2060,Beta,db,media,0.87,4.1,95,0,42.2,5.62,success
2061,Delta,infra,media,8.71,4.09,173,0,65.8,5.6,success
2062,Gamma,auth,baja,8.17,7.33,52,0,72.3,6.63,success
2063,Alpha,api,baja,0.66,0.3,18,0,84.1,8.94,success
2064,Gamma,db,media,5.33,4.36,8,0,88.8,5.39,success
2065,Gamma,auth,media,30.99,19.66,881,3,55.8,17.12,success
2066,Gamma,ui,media,1.76,4.41,107,0,57.5,3.93,success
2067,Gamma,db,baja,1.68,4.98,75,0,83.8,5.85,success
2068,Delta,auth,alta,10.27,7.71,86,0,62.4,7.81,success
2069,Beta,ui,baja,0.5,1.24,18,0,88.8,6.04,success
2070,Beta,ui,media,1.16,0.3,33,0,96.0,6.72,success
2071,Alpha,api,baja,16.73,15.44,320,0,57.2,4.78,success
2072,Gamma,infra,media,3.62,2.03,121,0,62.7,8.53,success
2073,Beta,auth,media,7.08,6.0,34,0,,17.19,success
2074,Beta,api,alta,0.5,7.45,22,0,60.4,3.3,success
2075,Gamma,db,baja,3.75,0.76,42,0,45.3,5.69,success
2076,Beta,auth,media,6.76,5.61,50,0,75.6,5.68,success
2077,Beta,db,baja,13.26,10.7,422,0,73.8,4.9,success
2078,Beta,auth,media,3.98,6.62,56,0,42.4,4.31,success
2079,Beta,api,baja,4.92,4.46,23,0,87.9,9.5,success
2080,Alpha,auth,baja,1.54,5.36,63,0,82.4,7.45,success
2081,Delta,ui,alta,11.62,7.43,85,0,93.8,5.36,success
2082,Alpha,db,baja,5.34,6.06,21,0,72.3,4.77,success
2083,Beta,db,baja,3.81,4.82,96,0,80.3,5.14,success
2084,Gamma,infra,alta,7.11,5.54,198,0,65.6,4.33,success
2085,Alpha,ui,alta,9.27,7.87,76,0,74.9,9.68,success
2086,Gamma,db,alta,1.74,0.36,33,0,73.1,4.24,success
2087,Gamma,ui,baja,1.56,1.69,41,0,91.8,8.01,success
2088,Gamma,infra,media,6.5,2.18,15,0,85.2,4.83,success
2089,Beta,ui,alta,0.5,0.7,59,0,79.5,5.33,success
2090,Alpha,infra,baja,4.44,7.01,88,0,61.0,14.26,success
2091,Delta,auth,alta,3.17,4.45,30,0,67.6,6.37,success
2092,Beta,api,baja,11.35,9.08,382,0,,6.84,success
2093,Delta,db,critica,1.14,0.3,136,0,88.5,6.27,success
2094,Alpha,auth,media,2.57,3.84,13,0,68.4,7.96,success
2095,Alpha,auth,media,4.22,3.88,14,0,73.6,7.61,failed
2096,Delta,infra,media,0.7,3.26,28,0,71.9,5.18,success
2097,Delta,api,baja,6.52,8.87,275,2,51.3,16.19,rolled_back
2098,Delta,auth,baja,10.44,6.74,149,0,86.6,7.11,success
2099,Delta,api,alta,12.31,8.1,288,0,68.5,3.44,success
2100,Alpha,api,media,3.07,5.64,67,0,77.9,4.19,success
2101,Delta,ui,media,6.56,3.93,55,0,82.6,6.75,success
2102,Gamma,infra,baja,3.51,3.82,22,0,53.6,7.35,success
2103,Alpha,infra,media,9.4,2.15,91,0,83.0,8.06,success
2104,Alpha,ui,media,5.41,3.98,56,0,98.5,7.55,success
2105,Delta,ui,baja,0.5,5.06,54,0,46.2,9.17,success
2106,Beta,api,critica,8.6,7.5,286,0,72.4,14.12,success
2107,Delta,infra,media,1.87,4.87,60,0,85.0,5.19,success
2108,Alpha,auth,media,9.44,9.55,221,0,65.7,7.37,success
2109,Beta,auth,critica,1.57,5.82,16,0,30.0,4.88,success
2110,Beta,infra,media,21.09,13.29,749,1,,7.54,success
2111,Beta,infra,critica,5.21,6.98,48,0,94.4,4.06,success
2112,Gamma,api,media,9.31,12.71,126,0,69.7,4.21,success
2113,Delta,ui,media,6.03,5.05,145,0,75.1,8.69,success
2114,Delta,api,baja,3.95,0.57,43,0,50.6,6.28,rolled_back
2115,Gamma,api,baja,2.76,1.67,139,0,76.7,5.84,success
2116,Alpha,api,media,5.02,5.68,146,0,54.8,10.36,success
2117,Delta,auth,baja,1.53,0.3,35,0,50.5,8.21,success
2118,Gamma,ui,baja,5.02,2.61,35,0,51.9,8.88,success
2119,Gamma,api,media,4.97,3.66,69,0,88.2,6.78,success
2120,Gamma,ui,alta,2.64,3.36,60,0,,3.42,success
2121,Delta,auth,baja,7.85,10.7,234,1,24.8,10.71,success
2122,Delta,infra,alta,0.5,3.52,126,0,62.8,6.76,success
2123,Gamma,ui,critica,9.56,4.45,63,0,75.6,8.06,success
2124,Gamma,infra,alta,0.5,11.47,115,0,87.1,4.71,success
2125,Gamma,auth,alta,3.82,3.75,11,0,50.4,9.1,success
2126,Beta,ui,alta,3.25,0.3,38,0,84.4,4.74,success
2127,Beta,db,baja,3.78,1.17,86,0,70.2,6.47,success
2128,Gamma,api,media,7.43,3.38,182,0,86.3,6.55,success
2129,Alpha,auth,critica,2.67,0.3,80,0,,2.75,success
2130,Beta,api,media,11.4,9.62,248,0,41.6,8.27,success
2131,Gamma,api,alta,1.74,0.3,146,0,93.4,9.37,success
2132,Delta,api,critica,4.33,6.55,43,0,55.0,2.53,success
2133,Gamma,api,baja,1.38,4.36,59,0,87.4,6.36,success
2134,Beta,api,baja,3.6,2.52,96,0,68.1,11.46,success
2135,Beta,ui,media,2.15,5.08,45,0,79.7,4.8,success
2136,Gamma,auth,baja,9.37,4.39,265,0,62.2,5.94,success
2137,Gamma,api,media,4.52,2.11,25,0,89.6,12.1,success
2138,Alpha,ui,alta,4.58,5.62,89,0,77.8,12.46,success
2139,Gamma,auth,media,9.16,6.47,129,0,53.4,6.83,success
2140,Beta,auth,baja,6.63,3.92,50,0,75.9,7.8,success
2141,Gamma,auth,alta,4.32,3.81,41,0,78.6,12.68,success
2142,Delta,auth,baja,6.02,8.41,62,0,81.0,11.73,success
2143,Delta,api,alta,12.53,12.22,138,0,44.4,12.91,success
2144,Gamma,auth,baja,0.5,2.87,43,0,60.5,6.23,success
2145,Beta,api,alta,5.98,4.2,25,0,67.6,4.58,success
2146,Beta,infra,media,12.27,10.17,188,0,67.6,3.49,success
2147,Alpha,infra,media,6.01,2.95,96,0,45.7,3.6,success
2148,Delta,auth,media,12.96,12.2,165,0,83.9,3.7,success
2149,Delta,api,baja,11.56,10.81,132,0,71.8,6.74,success
2150,Delta,api,media,15.16,15.42,474,0,,4.56,success
2151,Beta,db,alta,6.68,3.5,182,0,72.4,5.87,success
2152,Beta,db,alta,4.64,1.97,35,0,73.2,4.02,success
2153,Delta,auth,baja,3.09,4.73,102,0,50.1,12.6,success
2154,Gamma,auth,media,12.77,8.48,40,0,71.7,4.45,success
2155,Gamma,api,alta,6.1,7.66,44,0,78.7,2.54,success
2156,Beta,infra,alta,2.71,6.42,19,0,71.5,3.0,success
2157,Beta,infra,media,0.5,6.06,52,0,60.1,10.65,success
2158,Gamma,auth,baja,6.16,5.34,109,0,73.6,5.66,success
2159,Delta,ui,critica,0.5,4.0,63,0,57.3,6.73,success
2160,Beta,auth,media,5.03,3.23,25,0,69.4,6.71,success
2161,Delta,ui,media,0.5,2.34,17,0,81.6,9.89,success
2162,Alpha,infra,alta,18.99,12.76,446,0,72.5,11.14,success
2163,Beta,api,baja,3.4,3.27,89,0,80.8,8.15,success
2164,Delta,auth,alta,0.5,6.36,32,0,44.4,6.14,success
2165,Delta,ui,baja,4.98,1.13,101,1,80.7,10.04,success
2166,Delta,api,alta,16.39,11.32,478,0,69.2,5.57,success
2167,Beta,db,critica,5.32,4.83,117,0,78.5,3.4,success
2168,Delta,api,critica,6.51,7.01,5,0,87.1,6.24,success
2169,Delta,infra,critica,24.98,13.75,726,1,50.3,8.34,success
2170,Delta,api,alta,4.9,3.69,13,0,82.5,3.12,success
2171,Alpha,auth,baja,3.0,1.81,55,0,89.7,7.08,success
2172,Gamma,api,critica,4.23,0.3,24,0,68.1,9.23,success
2173,Delta,auth,critica,0.5,4.71,34,0,84.7,6.76,success
2174,Delta,api,media,5.4,1.07,86,0,69.6,7.33,success
2175,Alpha,ui,media,0.5,0.3,10,0,49.7,7.8,success
2176,Delta,auth,baja,8.0,8.67,61,0,83.9,4.39,success
2177,Alpha,auth,media,7.81,5.35,187,0,62.0,6.3,success
2178,Beta,auth,alta,4.92,3.7,31,0,79.8,3.96,success
2179,Gamma,auth,media,3.5,2.9,19,0,88.0,12.0,success
2180,Beta,infra,media,9.19,9.7,59,0,82.7,15.88,success
2181,Gamma,infra,media,0.5,0.42,49,0,80.3,4.89,success
2182,Alpha,auth,baja,2.87,4.71,39,0,73.7,14.04,success
2183,Gamma,db,critica,0.5,0.3,23,0,63.3,6.49,success
2184,Gamma,db,baja,0.5,2.63,106,0,85.4,4.4,success
2185,Gamma,infra,baja,17.414577322644114,4.84,114,0,40.9,,success
2186,Beta,api,baja,6.3,8.79,26,0,55.2,,success
2187,Beta,api,alta,2.78,0.3,29,0,73.8,5.41,success
2188,Beta,api,alta,3.59,2.91,75,0,76.8,7.4,success
2189,Beta,infra,baja,5.16,8.59,28,0,84.9,9.95,success
2190,Gamma,db,baja,4.75,6.65,78,0,67.3,13.16,success
2191,Beta,api,media,11.34,7.81,250,0,82.5,12.09,success
2192,Beta,auth,baja,4.86,4.43,63,0,76.1,6.55,success
2193,Beta,db,alta,4.29,4.82,22,0,80.9,3.8,success
2194,Alpha,infra,baja,3.68,2.78,95,0,94.8,6.06,success
2195,Gamma,api,media,7.41,7.31,57,0,33.7,4.66,success
2196,Delta,ui,media,0.5,3.03,58,0,48.4,5.44,success
2197,Beta,api,media,4.8,1.59,102,0,91.0,5.53,success
2198,Delta,api,media,9.18,5.78,124,0,55.9,4.53,success
2199,Gamma,ui,baja,3.53,2.48,69,0,36.7,7.09,success
2200,Alpha,db,baja,2.77,2.52,63,0,46.2,12.31,success
2201,Beta,infra,baja,21.68,15.18,427,0,83.6,7.66,success
2202,Alpha,api,baja,11.58,8.9,196,0,61.6,5.22,success
2203,Alpha,api,critica,6.6,3.66,141,0,71.1,3.16,success
2204,Beta,api,baja,1.34,5.65,75,0,73.5,14.85,success
2205,Beta,auth,baja,0.5,1.81,27,0,68.0,12.02,success
2206,Delta,api,baja,9.76,11.02,184,0,71.7,5.74,success
2207,Alpha,auth,alta,7.58,9.65,76,0,83.7,11.13,success
2208,Delta,api,critica,4.45,1.52,40,0,91.8,7.08,success
2209,Alpha,auth,alta,0.5,0.57,54,0,90.7,12.12,success
2210,Alpha,api,media,3.26,2.41,28,0,84.3,3.66,success
2211,Gamma,db,alta,5.47,5.57,173,0,89.2,4.14,success
2212,Delta,auth,media,6.2,7.04,123,0,78.5,9.15,success
2213,Gamma,ui,alta,11.23,8.61,79,0,78.4,6.75,success
2214,Alpha,infra,alta,5.98,3.71,64,0,51.3,11.51,success
2215,Alpha,ui,baja,4.58,8.38,36,0,48.8,11.15,success
2216,Beta,auth,media,2.16,1.7,10,0,86.5,3.59,success
2217,Beta,api,baja,3.81,5.64,19,0,41.2,9.38,success
2218,Delta,ui,baja,0.74,1.85,34,0,63.8,11.47,success
2219,Beta,ui,alta,4.56,4.07,30,0,68.1,3.39,success
2220,Alpha,auth,baja,4.11,5.65,87,0,78.5,8.0,success
2221,Delta,api,alta,3.54,7.48,138,0,60.2,3.57,success
2222,Alpha,ui,critica,5.9,5.8,59,0,80.8,5.67,success
2223,Alpha,api,media,3.29,2.25,237,1,94.9,9.84,success
2224,Beta,ui,media,1.36,6.02,33,0,95.0,6.43,success
2225,Beta,auth,media,5.61,6.1,59,0,69.4,10.28,success
2226,Gamma,api,alta,8.24,6.87,64,0,59.8,4.42,success
2227,Delta,db,baja,8.83,9.37,178,0,58.8,6.8,success
2228,Delta,api,baja,2.07,3.55,73,0,62.7,6.96,failed
2229,Beta,ui,media,4.1,10.1,75,0,68.7,7.13,success
2230,Delta,api,critica,3.37,3.53,15,0,63.4,3.56,failed
2231,Gamma,api,baja,8.41,9.42,30,0,80.4,5.93,success
2232,Alpha,infra,media,9.77,8.47,179,0,74.1,9.24,success
2233,Delta,api,critica,5.23,5.73,10,0,56.0,3.79,success
2234,Alpha,auth,baja,8.86,5.91,223,0,90.0,7.33,success
2235,Gamma,infra,baja,1.37,1.43,105,0,41.1,9.66,success
2236,Delta,db,media,0.5,3.04,34,0,81.2,5.12,success
2237,Alpha,ui,baja,2.17,0.63,32,0,22.6,5.18,success
2238,Beta,auth,baja,15.11,9.13,367,0,54.7,13.05,success
2239,Beta,auth,media,7.63,6.12,238,0,80.7,7.6,success
2240,Delta,ui,media,5.61,7.97,60,0,62.4,6.4,success
2241,Alpha,auth,media,2.18,3.01,75,0,94.2,6.65,success
2242,Gamma,auth,media,0.85,2.17,37,0,75.6,13.12,success
2243,Beta,db,media,8.47,3.94,75,0,69.1,,success
2244,Alpha,api,media,5.08,8.79,36,0,87.1,3.17,success
2245,Gamma,auth,alta,2.78,5.94,62,1,42.6,8.25,success
2246,Delta,auth,alta,9.58,10.3,340,0,96.9,5.77,success
2247,Gamma,api,media,7.18,2.18,61,0,78.1,6.41,success
2248,Alpha,ui,alta,5.07,5.42,26,0,46.6,2.58,success
2249,Alpha,infra,alta,4.24,1.7,19,0,82.4,3.32,success
2250,Beta,auth,baja,3.72,5.66,75,1,74.2,10.44,success
2251,Gamma,auth,critica,0.5,2.6,34,0,67.6,12.41,success
2252,Gamma,ui,alta,4.44,5.46,83,0,44.0,5.56,success
2253,Alpha,api,baja,6.15,3.4,16,0,41.0,8.11,success
2254,Gamma,api,baja,2.51,0.41,124,0,53.1,7.12,success
2255,Beta,infra,media,2.92,1.65,26,0,59.6,4.54,success
2256,Gamma,ui,media,9.87,8.19,70,0,68.7,4.72,success
2257,Delta,api,alta,2.51,2.4,49,0,68.9,13.35,success
2258,Gamma,infra,media,10.94,8.7,313,0,85.5,5.99,success
2259,Alpha,auth,baja,0.82,0.3,78,0,65.1,6.28,success
2260,Delta,infra,baja,15.49,10.78,384,0,76.7,11.2,success
2261,Alpha,ui,alta,3.37,7.01,110,0,55.4,4.72,success
2262,Delta,ui,baja,4.32,4.92,241,0,,5.22,success
2263,Alpha,infra,alta,1.16,3.18,55,0,71.6,3.6,success
2264,Gamma,ui,baja,5.47,5.79,91,0,46.4,11.16,success
2265,Alpha,api,media,3.88,2.55,200,0,62.3,5.2,success
2266,Alpha,api,media,2.91,7.33,151,0,87.5,7.18,success
2267,Gamma,ui,baja,7.21,6.72,108,0,83.9,,success
2268,Gamma,ui,media,3.24,3.89,50,0,61.9,8.78,success
2269,Alpha,auth,media,1.36,4.03,58,0,53.5,5.65,success
2270,Delta,db,baja,6.57,7.79,186,0,80.2,5.95,success
2271,Beta,ui,media,13.93,6.74,224,0,64.7,4.47,success
2272,Beta,api,alta,7.02,5.85,39,1,88.0,11.08,success
2273,Beta,auth,alta,2.7,8.71,34,0,69.3,4.19,success
2274,Beta,api,media,5.35,8.85,30,0,54.6,7.01,success
2275,Alpha,auth,alta,6.55,5.16,141,0,69.3,9.85,success
2276,Beta,auth,baja,0.5,3.62,29,0,66.8,7.62,success
2277,Alpha,api,baja,1.07,1.33,139,0,82.3,8.73,success
2278,Alpha,auth,media,2.9,4.12,109,0,,5.13,success
2279,Beta,api,media,0.5,0.65,41,0,82.4,5.64,success
2280,Gamma,ui,alta,11.12,6.98,272,0,75.3,9.99,success
2281,Delta,api,baja,0.8,0.5,18,0,85.9,9.93,success
2282,Beta,infra,media,12.19,13.02,297,0,23.8,5.89,success
2283,Beta,infra,media,5.99,3.89,89,0,80.6,6.45,success
2284,Delta,ui,baja,4.48,7.04,10,0,72.1,6.99,success
2285,Gamma,infra,media,7.09,4.67,279,0,62.2,8.26,success
2286,Delta,infra,media,8.43,5.19,160,0,77.3,5.03,success
2287,Delta,api,baja,0.5,2.77,45,0,71.7,9.45,success
2288,Delta,db,media,5.09,1.31,28,0,73.3,12.85,success
2289,Delta,auth,baja,6.34,6.97,16,0,86.3,7.94,success
2290,Beta,ui,critica,21.75,14.21,586,1,58.9,3.9,success
2291,Beta,api,baja,2.34,1.53,29,0,75.0,7.27,success
2292,Beta,auth,baja,4.33,2.18,21,0,96.1,13.5,success
2293,Alpha,api,baja,0.55,6.76,85,0,79.1,7.64,success
2294,Gamma,infra,baja,0.5,1.71,15,0,69.2,5.55,success
2295,Gamma,api,baja,4.49,4.0,28,0,86.5,7.16,success
2296,Delta,auth,media,11.02,10.29,163,0,77.1,11.31,success
2297,Alpha,auth,baja,1.82,0.49,101,0,89.2,6.23,success
2298,Beta,api,baja,3.46,6.41,47,0,75.7,12.62,success
2299,Alpha,db,baja,5.18,4.52,68,0,57.9,6.98,success
2300,Delta,db,media,1.41,0.3,45,0,75.5,17.46,success
2301,Beta,api,baja,2.87,1.9,63,0,88.2,6.41,success
2302,Alpha,auth,media,4.62,1.53,34,0,78.3,4.63,success
2303,Gamma,auth,media,3.58,3.85,40,0,73.8,3.23,success
2304,Delta,api,alta,3.5,1.62,38,0,72.3,5.25,success
2305,Delta,db,baja,0.5,0.3,35,0,76.0,6.93,success
2306,Alpha,db,alta,7.05,6.46,171,0,87.4,11.35,success
2307,Beta,api,media,4.8,4.49,133,0,68.5,9.3,success
2308,Alpha,ui,baja,1.97,5.7,29,0,61.4,12.35,success
2309,Beta,api,media,1.07,5.05,23,0,93.7,9.94,success
2310,Gamma,ui,alta,3.64,3.84,58,0,77.2,5.35,success
2311,Beta,ui,baja,13.32,10.74,464,0,93.5,34.23,success
2312,Alpha,ui,media,2.81,0.3,26,0,51.9,6.03,success
2313,Gamma,ui,media,2.45,4.71,58,0,65.5,7.52,success
2314,Alpha,infra,baja,1.73,3.56,72,0,77.5,15.49,success
2315,Alpha,api,critica,0.5,4.19,60,0,64.8,7.64,success
2316,Alpha,auth,baja,5.79,4.21,44,0,68.3,7.94,success
2317,Alpha,auth,baja,9.62,6.53,189,0,100.0,9.31,success
2318,Beta,ui,baja,2.59,2.33,100,0,83.3,6.21,success
2319,Delta,ui,media,8.44,10.15,143,0,84.0,5.49,success
2320,Delta,ui,alta,2.15,3.5,113,0,78.7,6.61,success
2321,Alpha,db,alta,5.67,1.16,149,0,78.5,3.46,success
2322,Alpha,api,critica,8.96,8.49,278,0,79.3,3.07,success
2323,Beta,ui,media,7.8,5.02,221,0,57.5,3.53,success
2324,Gamma,db,media,20.48,16.5,540,0,95.1,6.35,success
2325,Gamma,api,media,6.55,6.78,199,0,91.6,6.73,success
2326,Delta,api,baja,2.04,5.83,37,0,82.8,11.35,success
2327,Beta,auth,critica,8.52,9.21,143,0,81.7,2.81,success
2328,Alpha,api,media,5.94,7.41,126,0,55.5,5.51,success
2329,Alpha,db,media,11.74,11.38,376,0,74.2,8.9,success
2330,Alpha,infra,media,3.47,5.62,28,0,73.1,9.68,success
2331,Alpha,ui,alta,7.89,4.5,110,0,82.1,8.56,success
2332,Delta,api,baja,6.41,2.49,36,0,49.9,5.93,success
2333,Beta,ui,alta,1.21,0.3,106,0,84.8,2.77,success
2334,Delta,db,alta,0.5,3.63,55,0,79.9,5.77,success
2335,Gamma,api,alta,8.62,1.11,103,0,65.3,5.36,success
2336,Gamma,db,baja,1.56,2.4,19,0,90.6,8.06,success
2337,Beta,auth,baja,0.5,1.14,136,0,69.2,8.58,success
2338,Delta,auth,media,2.1,5.82,80,0,78.1,7.93,success
2339,Alpha,auth,alta,3.13,3.08,76,0,93.8,7.06,success
2340,Alpha,auth,critica,12.76,8.23,386,0,57.1,3.76,failed
2341,Beta,infra,media,5.7,8.21,47,0,92.3,5.9,failed
2342,Beta,api,baja,1.94,2.43,91,0,82.0,6.43,success
2343,Gamma,api,baja,7.49,5.36,73,0,82.3,10.23,success
2344,Gamma,api,media,5.41,3.52,80,0,95.0,4.34,success
2345,Gamma,api,baja,12.25,9.56,493,0,90.8,14.97,success
2346,Beta,api,media,3.17,2.57,71,0,96.9,6.33,success
2347,Beta,auth,alta,4.68,3.49,40,0,58.6,5.4,success
2348,Delta,ui,media,12.89,12.86,359,0,77.8,5.85,success
2349,Alpha,auth,media,4.52,4.33,51,0,94.6,9.17,success
2350,Gamma,db,baja,0.5,0.68,16,0,64.2,7.77,success
2351,Gamma,auth,baja,4.98,2.0,34,0,69.4,6.54,success
2352,Delta,db,media,1.4,2.84,22,0,96.0,8.96,success
2353,Gamma,db,media,11.38,6.93,13,0,62.6,5.0,success
2354,Beta,auth,baja,0.5,0.88,48,0,85.3,10.47,success
2355,Beta,auth,baja,11.98,6.56,63,0,,5.08,success
2356,Beta,infra,baja,4.94,4.96,193,0,76.1,12.4,success
2357,Beta,api,media,9.35,3.85,118,0,67.1,4.92,success
2358,Alpha,ui,media,7.55,7.06,113,0,70.2,4.16,success
2359,Gamma,auth,media,0.5,0.43,30,0,77.8,5.7,success
2360,Alpha,api,media,8.0,8.09,148,0,57.8,5.41,success
2361,Gamma,ui,baja,7.24,7.06,233,0,75.3,8.6,success
2362,Delta,infra,media,5.72,5.19,95,0,75.4,4.1,success
2363,Delta,api,baja,5.41,6.86,98,0,70.7,8.51,success
2364,Alpha,db,critica,1.72,6.42,21,0,43.8,3.88,success
2365,Delta,ui,baja,5.79,8.15,172,0,92.1,7.75,success
2366,Alpha,auth,media,12.82,5.91,331,0,66.6,4.33,success
2367,Beta,api,baja,1.96,1.16,89,0,78.5,7.58,success
2368,Alpha,auth,alta,0.91,0.84,39,0,83.1,,success
2369,Alpha,api,baja,6.23,6.83,58,0,90.5,4.94,success
2370,Alpha,ui,critica,4.5,2.89,46,0,81.4,6.45,success
2371,Alpha,api,baja,0.5,0.4,48,0,71.9,5.87,success
2372,Delta,auth,alta,2.4,1.1,119,0,76.7,6.42,success
2373,Alpha,ui,media,0.5,2.55,86,0,37.4,4.69,success
2374,Beta,ui,baja,9.68,8.89,165,0,90.4,7.51,success
2375,Gamma,ui,baja,7.22,2.8,93,0,89.0,17.6,success
2376,Delta,ui,media,0.5,0.51,31,0,73.5,9.99,success
2377,Delta,auth,alta,5.31,0.3,42,0,93.0,12.12,success
2378,Alpha,ui,alta,8.38,0.55,40,0,78.5,9.36,success
2379,Delta,api,baja,0.5,3.01,56,0,97.7,7.43,success
2380,Gamma,api,media,9.88,8.22,335,0,78.5,9.17,success
2381,Alpha,auth,baja,9.54,7.66,387,0,97.9,7.12,success
2382,Beta,ui,baja,9.11,10.93,142,1,71.1,10.89,success
2383,Delta,ui,media,3.92,0.3,74,0,61.9,6.98,success
2384,Beta,api,baja,1.41,0.3,20,0,87.5,,success
2385,Alpha,infra,baja,5.02,1.7,81,0,48.8,7.04,success
2386,Delta,db,alta,1.23,0.3,33,0,75.4,9.79,success
2387,Delta,auth,alta,9.4,5.61,289,0,97.4,8.8,success
2388,Delta,ui,alta,3.35,4.97,16,0,,4.97,success
2389,Delta,api,baja,2.89,3.98,94,0,84.3,14.19,success
2390,Delta,infra,critica,1.42,4.92,30,0,66.2,5.96,success
2391,Beta,auth,media,3.51,4.53,66,0,45.6,8.46,success
2392,Alpha,api,media,5.87,4.01,121,0,92.3,5.4,success
2393,Gamma,api,baja,9.13,5.66,167,0,78.7,10.25,success
2394,Alpha,api,alta,5.41,5.84,63,0,59.4,5.12,success
2395,Beta,ui,media,1.46,0.3,132,0,97.5,4.48,success
2396,Gamma,api,alta,8.08,0.3,37,0,85.5,6.89,success
2397,Delta,auth,media,4.68,5.28,83,0,68.4,6.4,success
2398,Beta,ui,alta,5.93,5.64,164,0,72.5,5.32,success
2399,Beta,infra,media,1.99,6.62,90,0,63.5,8.1,success
2400,Gamma,db,critica,10.25,9.39,41,0,40.3,2.03,success
2401,Alpha,api,baja,9.72,8.1,52,0,60.2,6.26,success
2402,Gamma,api,baja,13.57,8.86,166,0,50.9,8.57,success
2403,Gamma,auth,alta,3.18,1.38,25,0,32.5,3.45,success
2404,Gamma,infra,media,4.08,3.25,29,0,49.1,4.78,success
2405,Beta,db,media,9.92,9.84,115,0,74.8,9.04,success
2406,Delta,ui,alta,2.59,4.21,45,0,43.5,3.2,success
2407,Beta,infra,media,4.16,6.33,18,0,31.7,,success
2408,Gamma,auth,alta,9.55,7.5,225,0,52.6,7.28,success
2409,Beta,ui,baja,8.51,4.36,25,0,46.0,9.75,success
2410,Alpha,auth,alta,7.43,8.86,56,0,67.1,3.34,success
2411,Gamma,auth,baja,2.65,5.77,38,0,82.4,11.36,success
2412,Alpha,api,media,7.51,6.47,51,0,78.9,6.89,success
2413,Delta,api,alta,2.89,4.62,30,0,73.4,12.22,success
2414,Gamma,infra,baja,3.88,5.08,127,0,71.3,9.46,success
2415,Beta,api,baja,3.36,2.35,74,0,96.6,7.39,success
2416,Beta,db,baja,7.3,5.23,162,0,79.6,5.1,success
2417,Gamma,db,media,0.5,0.3,39,0,79.0,7.5,success
2418,Beta,ui,media,14.1,9.3,455,0,64.1,9.54,success
2419,Beta,infra,baja,0.5,4.38,12,0,68.6,10.18,success
2420,Beta,api,alta,0.5,3.9,16,0,83.2,3.53,success
2421,Beta,api,baja,12.39,10.33,323,0,77.7,14.03,success
2422,Delta,auth,media,8.35,8.91,102,0,69.3,5.12,success
2423,Alpha,api,media,7.11,4.85,91,0,62.0,9.89,success
2424,Delta,infra,baja,6.3,2.35,98,0,65.4,5.83,success
2425,Beta,api,baja,0.77,1.57,112,0,78.0,5.82,success
2426,Gamma,api,critica,1.57,2.25,87,0,75.1,2.9,success
2427,Alpha,auth,media,2.32,4.58,28,0,86.7,4.73,success
2428,Beta,api,baja,9.06,8.21,139,0,96.5,5.26,success
2429,Delta,db,alta,3.87,6.35,121,0,74.0,3.5,success
2430,Beta,api,media,5.57,0.3,241,1,46.6,7.34,success
2431,Alpha,db,baja,15.56,8.84,326,0,54.0,4.76,success
2432,Gamma,ui,media,2.11,2.54,90,0,54.9,14.44,success
2433,Alpha,db,media,0.5,3.0,22,0,79.4,7.24,success
2434,Beta,api,baja,12.55,14.27,329,0,72.7,7.5,success
2435,Beta,ui,alta,2.66,0.65,27,0,85.8,6.3,success
2436,Gamma,auth,baja,2.93,1.48,90,0,78.3,6.55,success
2437,Gamma,api,baja,3.59,2.6,53,0,51.3,7.34,success
2438,Gamma,db,baja,0.5,0.3,45,0,75.2,6.73,success
2439,Delta,ui,alta,4.37,1.9,133,0,85.6,6.94,success
2440,Alpha,auth,alta,4.4,4.25,83,0,,8.43,success
2441,Beta,infra,critica,0.5,4.26,106,0,42.2,3.02,success
2442,Alpha,auth,baja,5.45,5.07,32,0,49.1,5.57,success
2443,Alpha,ui,alta,0.5,0.3,57,0,60.4,4.25,success
2444,Alpha,infra,media,0.54,1.33,33,0,58.1,4.88,success
2445,Gamma,ui,baja,7.21,3.23,56,0,76.0,9.1,success
2446,Delta,db,baja,5.6,7.32,60,0,83.8,7.54,success
2447,Delta,ui,alta,12.81,12.86,351,0,56.7,3.62,success
2448,Gamma,db,baja,0.5,0.3,53,0,56.5,4.74,success
2449,Delta,ui,media,0.5,2.37,10,0,38.4,8.52,success
2450,Alpha,ui,media,8.46,4.63,234,1,50.5,8.83,success
2451,Delta,auth,baja,4.55,4.39,100,0,79.9,6.68,success
2452,Delta,db,critica,7.37,5.71,59,0,68.6,5.66,success
2453,Alpha,auth,alta,8.55,3.28,45,0,82.9,6.63,success
2454,Beta,infra,media,4.68,7.33,28,0,82.7,9.11,success
2455,Delta,auth,media,11.77,8.18,382,0,58.9,10.31,success
2456,Beta,auth,media,7.74,4.97,70,0,60.8,4.71,success
2457,Delta,infra,alta,0.56,2.13,14,0,76.7,7.63,success
2458,Delta,auth,baja,0.5,0.3,90,0,78.3,10.83,success
2459,Beta,api,media,4.16,3.54,197,0,60.4,9.45,success
2460,Alpha,db,baja,0.5,0.3,77,0,70.6,8.01,success
2461,Beta,auth,media,1.75,0.3,30,0,97.6,10.53,success
2462,Alpha,auth,media,2.34,0.48,27,0,54.6,16.05,success
2463,Beta,api,baja,0.5,0.47,29,0,93.5,7.42,success
2464,Gamma,auth,critica,6.85,1.22,262,0,84.4,3.0,failed
2465,Beta,auth,baja,0.5,0.56,63,0,72.5,8.17,success
2466,Alpha,auth,baja,2.12,1.44,15,0,71.8,6.55,success
2467,Beta,api,media,2.26,2.7,94,1,96.7,9.12,success
2468,Gamma,api,media,7.84,7.74,76,0,86.3,13.29,success
2469,Alpha,auth,baja,3.79,8.05,45,0,75.9,6.81,success
2470,Alpha,ui,media,7.0,6.77,27,0,93.4,5.53,success
2471,Delta,ui,alta,1.34,0.3,26,0,71.5,4.25,success
2472,Alpha,auth,baja,12.9,10.91,177,0,55.8,8.56,success
2473,Beta,api,critica,4.5,7.7,83,0,68.8,6.38,success
2474,Alpha,infra,baja,3.71,0.93,103,0,79.2,12.47,success
2475,Alpha,ui,media,10.77,5.3,83,0,76.8,4.35,success
2476,Beta,api,baja,0.5,0.3,90,0,95.6,12.31,success
2477,Gamma,api,alta,1.37,0.91,44,0,85.4,3.71,success
2478,Alpha,auth,alta,0.5,2.73,55,0,94.8,3.42,success
2479,Alpha,db,baja,2.9,6.95,190,0,87.2,,success
2480,Alpha,infra,baja,3.75,5.98,238,0,82.4,5.65,success
2481,Gamma,infra,baja,4.84,5.37,22,0,35.6,8.57,success
2482,Delta,auth,baja,0.5,1.91,55,0,70.6,6.29,success
2483,Alpha,api,critica,5.6,5.84,142,0,60.3,7.36,success
2484,Beta,auth,media,15.57,11.97,363,0,,7.89,success
2485,Beta,api,media,13.35,12.77,332,0,71.0,8.23,success
2486,Beta,api,critica,4.23,3.99,33,0,76.8,5.3,success
2487,Alpha,ui,alta,11.47,9.04,210,0,82.9,6.07,success
2488,Alpha,auth,alta,8.3,5.46,70,0,61.7,4.05,success
2489,Gamma,infra,baja,2.71,3.41,171,0,81.4,6.36,failed
2490,Beta,auth,baja,7.53,5.38,136,0,71.0,6.43,success
2491,Beta,auth,baja,1.81,0.3,21,0,80.6,10.05,success
2492,Beta,infra,baja,4.83,6.58,109,0,63.3,8.54,success
2493,Delta,db,media,2.18,6.53,165,0,51.4,5.22,success
2494,Gamma,api,baja,2.07,2.65,65,0,62.3,7.6,success
2495,Beta,ui,media,2.32,3.72,53,0,51.6,10.94,success
2496,Alpha,auth,media,6.21,7.38,16,0,58.1,3.04,success
2497,Delta,auth,baja,2.04,2.37,123,0,84.8,7.29,success
2498,Delta,api,baja,0.5,2.27,80,0,87.0,7.69,success
2499,Alpha,api,media,2.85,2.67,29,0,64.3,5.09,success
2500,Delta,ui,media,0.5,0.43,50,0,89.1,,success
2501,Gamma,auth,alta,3.82,5.1,77,0,73.7,4.06,success
2502,Alpha,ui,alta,4.92,5.73,40,0,64.7,3.77,success
2503,Delta,db,baja,3.69,6.02,67,0,66.9,7.76,success
2504,Alpha,auth,baja,1.3,2.27,14,0,82.1,5.98,success
2505,Alpha,auth,baja,8.34,3.5,225,0,91.9,7.61,success
2506,Alpha,api,baja,6.25,8.02,68,0,80.4,13.47,success
2507,Beta,db,media,0.5,0.3,25,0,43.8,4.37,success
2508,Gamma,ui,critica,4.78,2.49,7,0,80.2,7.75,success
2509,Beta,db,baja,4.03,2.59,168,0,43.3,7.08,success
2510,Alpha,api,baja,6.87,1.26,110,0,43.5,4.54,success
2511,Alpha,auth,alta,0.5,1.26,81,0,36.9,8.32,success
2512,Delta,ui,media,8.06,7.88,145,0,84.2,9.13,success
2513,Delta,auth,baja,6.03,4.03,145,0,82.0,5.55,success
2514,Delta,db,baja,4.67,7.65,79,0,32.5,8.6,success
2515,Alpha,auth,critica,6.09,8.34,53,0,88.2,4.0,success
2516,Delta,api,baja,0.79,4.2,46,0,78.9,8.01,success
2517,Gamma,ui,media,4.82,0.3,97,0,43.3,4.92,success
2518,Gamma,api,alta,10.09,11.14,234,0,90.5,3.58,success
2519,Alpha,ui,baja,3.05,2.74,61,0,62.7,5.4,success
2520,Delta,api,alta,11.82,12.79,252,0,85.6,9.51,success
2521,Beta,infra,baja,5.78,3.46,93,0,85.1,5.57,success
2522,Alpha,db,baja,3.31,3.14,94,0,73.6,8.55,success
2523,Alpha,infra,baja,22.72,15.36,581,0,69.6,5.61,success
2524,Beta,ui,critica,12.54,6.69,295,0,50.2,14.38,success
2525,Alpha,ui,baja,8.86,2.76,302,0,96.1,5.57,success
2526,Beta,ui,baja,0.5,0.3,33,0,60.7,5.54,success
2527,Beta,api,critica,15.74,18.33,480,1,56.4,10.98,success
2528,Delta,api,baja,5.27,0.49,62,0,80.2,6.82,success
2529,Alpha,ui,alta,0.5,0.3,54,0,74.4,3.17,success
2530,Gamma,auth,media,0.5,3.23,10,1,77.7,10.04,success
2531,Delta,auth,media,2.85,0.3,89,0,72.4,4.58,success
2532,Delta,infra,alta,0.5,0.3,25,0,,16.81,success
2533,Delta,auth,alta,1.65,0.3,96,0,80.4,2.69,success
2534,Alpha,ui,baja,3.05,4.06,23,0,71.0,9.28,success
2535,Delta,ui,critica,10.54,5.15,336,1,36.2,11.18,success
2536,Delta,auth,critica,4.0,5.51,110,0,81.5,6.75,success
2537,Beta,infra,alta,13.43,9.37,519,0,29.5,3.95,success
2538,Beta,auth,media,2.17,3.02,27,0,48.4,9.76,success
2539,Gamma,infra,media,4.76,3.22,269,0,72.1,6.62,success
2540,Beta,db,media,6.77,4.87,13,0,80.9,7.92,success
2541,Beta,auth,baja,9.63,5.04,80,0,71.5,9.89,success
2542,Delta,auth,media,1.65,0.49,38,0,71.3,4.3,success
2543,Delta,api,media,0.5,0.3,45,0,76.9,7.71,success
2544,Beta,api,media,5.82,8.78,42,1,85.5,12.43,success
2545,Delta,auth,baja,4.74,3.35,29,1,59.4,12.89,success
2546,Beta,infra,media,8.25,0.79,21,0,87.6,4.83,success
2547,Delta,auth,media,10.11,8.21,45,0,68.0,5.92,success
2548,Gamma,db,media,0.5,0.3,74,0,85.4,13.11,success
2549,Beta,auth,critica,11.18,8.1,190,0,55.9,5.55,success
2550,Alpha,infra,alta,4.03,3.24,87,0,87.3,5.41,success
2551,Gamma,auth,baja,9.67,11.03,191,0,26.9,5.55,success
2552,Beta,api,baja,4.87,3.46,18,0,80.8,10.88,success
2553,Alpha,ui,media,5.27,6.7,45,1,54.2,11.67,success
2554,Alpha,auth,media,8.39,8.31,126,0,73.1,5.3,success
2555,Delta,db,alta,2.96,0.3,91,0,88.1,4.08,success
2556,Alpha,api,baja,0.5,2.27,31,0,95.0,5.36,success
2557,Delta,ui,baja,10.4,5.84,155,0,74.0,9.02,success
2558,Delta,ui,media,0.5,0.3,41,0,88.2,3.55,success
2559,Alpha,ui,alta,7.85,3.2,33,0,80.3,7.05,success
2560,Gamma,auth,critica,2.39,4.99,103,0,76.5,1.8,success
2561,Gamma,auth,alta,2.67,9.71,67,0,94.0,4.84,success
2562,Beta,auth,media,2.69,1.1,42,0,76.5,9.82,success
2563,Gamma,api,alta,0.5,2.34,40,0,76.1,2.53,success
2564,Beta,auth,baja,0.5,2.58,25,0,75.6,12.12,failed
2565,Beta,infra,media,6.15,3.87,47,0,,4.94,success
2566,Beta,ui,critica,2.21,6.35,179,0,96.1,4.09,success
2567,Delta,ui,media,12.45,14.46,83,0,53.8,4.95,success
2568,Gamma,api,critica,6.41,3.85,158,0,76.9,3.34,success
2569,Beta,api,baja,2.09,7.09,106,0,71.2,5.69,success
2570,Delta,ui,baja,4.47,2.82,38,0,89.0,10.59,success
2571,Delta,api,media,0.5,0.3,15,0,79.1,8.28,success
2572,Delta,api,critica,1.82,2.24,29,0,86.1,2.56,success
2573,Gamma,api,baja,2.36,5.09,36,0,54.8,8.6,success
2574,Beta,ui,alta,0.5,1.54,34,0,85.1,5.83,success
2575,Delta,infra,baja,4.83,6.24,161,0,71.1,6.6,success
2576,Beta,auth,alta,11.38,8.89,160,0,54.5,6.7,success
2577,Beta,api,media,17.19,15.2,488,0,76.0,5.81,success
2578,Beta,auth,baja,4.22,5.36,34,0,89.5,10.04,success
2579,Delta,api,alta,7.95,10.1,281,0,85.9,3.64,success
2580,Gamma,db,alta,5.7,2.78,279,0,63.2,7.53,success
2581,Beta,auth,media,2.9,2.73,54,0,81.2,3.54,success
2582,Beta,ui,baja,0.5,1.8,102,0,66.1,7.71,success
2583,Beta,api,baja,4.83,2.26,204,0,76.6,7.38,failed
2584,Gamma,auth,critica,0.5,0.3,63,0,47.9,2.81,success
2585,Beta,infra,media,0.5,2.76,59,0,34.3,7.69,failed
2586,Gamma,api,alta,5.43,6.42,38,0,71.3,7.1,success
2587,Beta,db,media,1.85,2.89,8,0,86.7,4.92,success
2588,Beta,api,alta,2.27,5.51,71,0,43.9,4.49,success
2589,Delta,infra,baja,5.17,1.84,35,0,71.6,8.3,success
2590,Beta,api,media,0.5,0.82,25,0,80.1,3.7,success
2591,Alpha,api,media,1.44,0.3,98,0,72.7,5.0,success
2592,Beta,db,baja,5.89,5.38,18,0,92.8,6.32,success
2593,Gamma,api,baja,14.19,11.23,138,0,57.9,6.74,success
2594,Alpha,api,media,6.87,8.98,103,0,89.2,8.59,success
2595,Beta,infra,alta,4.82,1.45,47,0,60.0,7.45,success
2596,Alpha,ui,media,2.37,3.85,63,0,79.8,4.49,success
2597,Gamma,ui,baja,0.72,5.52,23,0,80.6,7.59,success
2598,Gamma,ui,critica,6.73,3.03,131,0,64.2,5.16,success
2599,Delta,db,baja,8.71,3.64,79,0,20.5,8.71,success
2600,Beta,infra,baja,5.8,1.29,84,0,82.9,5.3,success
2601,Delta,ui,critica,8.18,7.97,105,0,60.3,1.51,success
2602,Alpha,api,alta,0.72,0.3,37,0,66.1,13.17,success
2603,Delta,auth,critica,4.46,5.37,17,0,,2.93,success
2604,Gamma,ui,alta,4.37,3.58,158,0,91.3,5.1,success
2605,Delta,db,media,6.16,9.7,124,0,76.3,7.03,success
2606,Delta,api,baja,5.17,6.57,41,0,80.1,7.11,success
2607,Gamma,auth,baja,3.01,1.3,96,1,74.5,12.88,success
2608,Beta,api,critica,5.16,3.84,207,0,57.7,5.1,success
2609,Gamma,ui,alta,8.86,8.79,186,0,70.2,3.72,success
2610,Delta,db,media,2.77,0.49,40,0,69.1,4.65,success
2611,Delta,auth,media,2.94,6.22,17,1,87.4,8.73,success
2612,Delta,ui,baja,4.68,3.68,20,0,83.4,8.49,success
2613,Alpha,db,baja,6.91,7.67,50,0,87.3,9.25,success
2614,Gamma,infra,alta,11.81,8.1,249,0,91.9,3.57,success
2615,Alpha,auth,baja,4.44,2.85,35,0,84.0,5.81,success
2616,Gamma,infra,media,1.4,0.62,39,0,48.1,7.67,success
2617,Delta,ui,critica,2.04,7.05,38,0,70.8,6.81,success
2618,Alpha,db,media,4.42,3.41,41,0,,9.1,success
2619,Gamma,auth,media,2.7,10.82,66,0,53.7,4.79,success
2620,Delta,ui,baja,4.05,4.31,21,0,77.4,8.57,success
2621,Delta,ui,baja,4.73,2.21,177,0,55.9,13.45,success
2622,Beta,api,baja,9.56,3.27,59,0,96.0,6.34,success
2623,Alpha,api,baja,21.14,17.27,621,0,41.9,9.49,success
2624,Delta,ui,baja,3.09,2.87,23,0,44.0,7.71,success
2625,Delta,ui,baja,8.85,8.87,279,0,54.0,16.51,success
2626,Gamma,auth,baja,15.74,16.75,233,0,90.9,4.55,success
2627,Delta,api,baja,0.5,3.47,46,0,62.8,8.08,success
2628,Alpha,auth,critica,1.58,3.29,47,0,75.5,8.97,success
2629,Gamma,infra,baja,5.88,8.09,29,0,73.8,5.58,success
2630,Alpha,infra,media,3.5,5.61,29,1,69.1,12.4,success
2631,Delta,api,alta,2.19,0.3,67,0,49.5,4.32,success
2632,Gamma,auth,baja,2.11,6.1,68,0,40.4,4.79,success
2633,Delta,auth,media,1.56,2.32,16,0,85.4,5.16,success
2634,Gamma,api,alta,18.11,16.22,525,0,91.2,3.58,success
2635,Alpha,infra,media,7.64,7.35,53,0,78.7,9.56,success
2636,Alpha,ui,baja,5.71,7.9,71,0,59.7,16.64,success
2637,Beta,auth,alta,6.21,4.66,38,0,18.7,4.4,success
2638,Gamma,auth,media,2.03,0.3,52,0,82.4,5.17,success
2639,Alpha,auth,media,4.79,5.78,48,0,65.0,3.43,success
2640,Delta,db,baja,0.5,4.24,67,0,47.4,10.35,success
2641,Alpha,ui,baja,4.46,2.78,66,0,94.9,12.85,success
2642,Beta,ui,alta,6.49,4.89,138,0,58.4,6.84,success
2643,Alpha,api,baja,9.21,1.49,82,0,91.9,6.3,success
2644,Beta,infra,baja,10.45,7.38,126,0,74.1,8.22,success
2645,Beta,api,media,3.2,0.3,66,0,94.6,9.0,success
2646,Alpha,db,critica,2.33,4.19,82,0,68.9,,success
2647,Gamma,infra,baja,0.83,2.84,54,0,70.1,9.25,success
2648,Delta,api,baja,5.99,5.13,164,0,74.0,6.6,success
2649,Delta,infra,media,8.78,10.07,89,0,76.3,3.97,success
2650,Beta,api,media,4.98,5.09,58,0,62.7,8.8,success
2651,Delta,ui,media,5.32,5.18,56,0,77.7,6.64,success
2652,Delta,auth,alta,6.36,6.12,60,0,56.7,6.14,success
2653,Delta,api,baja,0.93,0.6,69,0,94.5,10.59,success
2654,Beta,auth,baja,1.76,5.03,63,0,34.4,5.73,success
2655,Delta,auth,media,4.84,2.11,40,0,60.0,5.18,success
2656,Gamma,auth,baja,3.24,4.5,133,0,46.5,12.74,success
2657,Alpha,api,media,2.25,5.9,141,0,53.6,6.9,success
2658,Beta,ui,alta,8.71,4.16,332,1,27.9,10.9,success
2659,Gamma,api,baja,6.89,2.28,39,0,76.2,7.54,success
2660,Alpha,api,alta,4.65,1.68,121,0,75.8,7.07,success
2661,Beta,infra,baja,3.04,7.87,12,0,85.3,9.31,success
2662,Delta,infra,media,2.97,1.76,141,0,92.4,4.92,success
2663,Alpha,auth,media,3.53,0.62,18,0,88.3,16.06,success
2664,Beta,api,media,2.0,3.62,27,0,89.5,7.01,success
2665,Alpha,ui,baja,5.86,0.3,90,0,69.5,4.94,success
2666,Gamma,db,critica,1.45,0.3,38,0,59.8,2.12,success
2667,Alpha,api,critica,4.34,7.64,34,0,84.6,3.48,success
2668,Delta,db,alta,1.63,0.3,43,0,83.3,2.65,success
2669,Alpha,auth,alta,5.66,4.24,129,0,89.7,9.83,success
2670,Delta,api,baja,2.01,3.44,29,0,59.5,6.16,success
2671,Delta,db,media,4.0,4.64,64,0,84.0,4.18,success
2672,Delta,ui,baja,4.29,2.74,47,0,45.0,8.4,success
2673,Delta,db,alta,4.61,5.63,139,0,66.4,7.12,success
2674,Alpha,auth,baja,5.98,8.7,143,0,87.6,6.62,success
2675,Delta,auth,baja,2.98,0.63,13,0,75.4,9.27,success
2676,Gamma,auth,media,8.92,5.64,171,0,44.5,8.94,success
2677,Delta,auth,baja,2.9,2.98,38,0,52.4,6.56,success
2678,Delta,auth,alta,1.66,4.25,82,0,73.4,3.16,success
2679,Gamma,ui,baja,3.18,3.49,29,0,60.5,6.33,success
2680,Beta,ui,media,6.8,5.26,93,0,67.1,5.75,success
2681,Alpha,ui,alta,18.41,8.67,663,1,98.2,8.28,success
2682,Alpha,api,media,0.8,0.3,75,0,75.1,9.04,success
2683,Beta,auth,baja,1.33,2.78,44,0,77.3,7.03,success
2684,Delta,ui,baja,3.01,2.02,54,0,87.4,5.89,success
2685,Gamma,auth,baja,0.5,0.94,18,0,66.9,6.28,success
2686,Beta,infra,baja,11.1,8.01,246,0,68.3,8.01,success
2687,Alpha,auth,media,4.16,9.85,88,0,79.5,7.08,success
2688,Gamma,ui,baja,0.5,0.56,26,0,81.0,13.84,success
2689,Gamma,infra,baja,0.5,5.27,27,0,67.8,6.93,success
2690,Delta,ui,baja,3.09,6.64,68,0,74.4,5.9,success
2691,Gamma,ui,critica,0.5,3.81,154,0,61.1,1.58,success
2692,Gamma,ui,baja,6.15,3.07,24,1,65.1,10.41,success
2693,Delta,auth,baja,8.05,6.67,182,0,84.0,8.84,success
2694,Beta,ui,media,5.86,4.04,61,0,98.5,5.0,success
2695,Delta,infra,baja,0.5,6.84,29,0,68.7,11.4,success
2696,Beta,infra,critica,4.55,5.26,44,0,93.7,1.7,success
2697,Alpha,api,baja,9.94,6.93,322,0,71.0,6.44,success
2698,Beta,api,media,1.99,7.16,19,0,68.0,8.85,success
2699,Alpha,db,media,3.97,3.0,35,0,67.7,10.85,success
2700,Alpha,ui,alta,6.53,6.8,157,0,97.1,7.03,success
2701,Delta,api,media,6.98,7.44,81,0,89.4,9.29,success
2702,Delta,auth,alta,3.43,4.43,33,0,73.0,3.73,success
2703,Alpha,auth,media,5.56,4.57,159,0,96.1,5.57,success
2704,Delta,api,media,9.64,9.38,166,0,46.3,11.18,success
2705,Alpha,auth,alta,7.45,4.4,90,0,42.3,3.61,success
2706,Beta,auth,media,3.4,6.32,38,0,63.2,6.29,success
2707,Gamma,auth,media,8.04,5.62,44,0,90.5,8.28,success
2708,Beta,infra,baja,3.87,7.17,86,0,77.0,11.68,success
2709,Gamma,auth,baja,2.15,5.41,20,0,55.1,7.2,success
2710,Delta,auth,media,8.61,8.04,220,0,62.5,5.48,success
2711,Alpha,api,baja,10.9,7.81,308,0,77.4,8.58,success
2712,Alpha,auth,media,2.81,5.94,54,0,27.9,13.07,success
2713,Delta,infra,baja,2.5,4.43,92,0,80.8,8.55,success
2714,Gamma,infra,media,4.31,0.3,194,0,58.5,7.49,success
2715,Gamma,api,alta,14.03,7.87,388,0,87.1,5.09,success
2716,Beta,api,media,13.73,10.16,271,0,88.9,4.61,success
2717,Beta,api,media,4.86,5.12,14,0,56.7,5.52,success
2718,Gamma,auth,baja,4.87,6.19,50,0,65.3,7.15,success
2719,Gamma,api,baja,9.56,11.11,105,0,82.3,6.69,success
2720,Alpha,auth,media,3.34,4.97,43,0,77.5,6.22,success
2721,Gamma,auth,alta,8.47,1.37,332,0,87.5,6.72,success
2722,Gamma,ui,alta,9.44,7.66,289,0,81.8,4.12,success
2723,Alpha,auth,media,2.8,6.22,32,0,81.4,9.09,success
2724,Beta,auth,alta,2.2,3.1,58,0,53.9,6.48,success
2725,Delta,api,alta,4.95,4.98,34,0,50.1,5.56,success
2726,Gamma,api,alta,6.98,4.45,56,0,29.5,4.9,success
2727,Alpha,auth,alta,0.5,4.17,54,0,78.1,3.62,success
2728,Alpha,auth,baja,6.33,4.42,157,0,89.0,8.87,success
2729,Gamma,auth,baja,0.5,3.28,30,0,86.6,17.36,success
2730,Beta,auth,media,1.91,3.72,6,0,58.0,10.66,success
2731,Delta,db,media,2.16,2.93,16,0,84.3,8.11,success
2732,Gamma,infra,alta,9.05,8.14,26,0,68.4,10.41,success
2733,Delta,api,baja,7.77,6.67,37,0,92.8,6.36,success
2734,Alpha,api,baja,6.8,8.77,79,0,76.4,6.01,success
2735,Beta,db,alta,0.5,3.49,25,0,51.3,5.32,success
2736,Alpha,ui,baja,0.5,4.4,22,0,88.0,7.58,success
2737,Gamma,auth,alta,0.5,0.3,29,0,89.8,9.24,success
2738,Alpha,auth,baja,6.7,3.45,24,0,56.6,10.17,success
2739,Beta,api,media,0.5,1.96,40,0,74.4,3.48,success
2740,Beta,ui,media,2.01,4.58,39,0,72.0,9.07,success
2741,Alpha,auth,baja,3.37,4.85,124,0,85.0,7.03,success
2742,Alpha,api,baja,0.5,0.3,27,0,80.6,8.39,success
2743,Gamma,api,baja,4.61,6.22,48,0,78.1,7.28,success
2744,Delta,api,baja,3.71,2.16,41,0,86.7,6.19,success
2745,Alpha,api,baja,0.5,3.48,138,0,63.2,8.36,success
2746,Beta,ui,alta,0.5,2.52,58,0,92.8,3.97,success
2747,Alpha,ui,baja,7.83,5.64,172,0,72.7,7.08,success
2748,Delta,auth,media,2.49,1.65,24,0,,4.62,success
2749,Beta,auth,baja,2.72,3.46,64,0,67.4,5.4,success
2750,Delta,db,critica,5.11,4.77,40,0,60.4,13.91,success
2751,Alpha,api,alta,0.5,0.3,22,0,70.9,4.35,success
2752,Alpha,auth,critica,2.34,4.41,63,0,63.1,4.08,success
2753,Gamma,api,critica,13.34,12.4,317,0,24.7,8.77,success
2754,Gamma,db,baja,0.64,4.04,31,0,71.8,,success
2755,Delta,db,media,4.76,5.14,59,0,73.0,4.56,success
2756,Delta,infra,baja,0.5,0.68,20,0,74.2,5.78,success
2757,Delta,ui,alta,0.5,2.12,18,0,94.7,3.57,success
2758,Gamma,api,media,0.5,1.47,33,0,73.3,13.01,success
2759,Beta,api,media,0.5,2.11,44,0,87.6,3.41,success
2760,Beta,auth,critica,1.95,5.01,46,0,71.6,2.51,success
2761,Alpha,ui,alta,4.79,4.1,54,0,61.4,4.41,success
2762,Beta,ui,critica,2.11,0.3,15,0,94.2,3.5,success
2763,Beta,auth,baja,6.62,7.47,38,0,41.0,6.31,success
2764,Alpha,infra,baja,4.13,4.97,105,0,82.5,8.93,success
2765,Alpha,api,baja,0.5,2.17,20,0,99.0,8.12,success
2766,Gamma,auth,media,4.65,1.35,48,0,69.7,4.79,success
2767,Beta,api,media,1.37,0.3,87,0,90.9,5.19,success
2768,Delta,infra,baja,3.39,1.75,33,0,64.8,19.41,success
2769,Beta,infra,alta,0.5,0.34,91,0,59.1,6.14,success
2770,Delta,api,baja,1.64,1.26,17,0,96.4,4.32,success
2771,Gamma,infra,media,8.92,3.9,148,0,88.9,4.57,success
2772,Alpha,infra,alta,6.3,10.66,93,0,47.4,4.22,success
2773,Alpha,db,media,3.45,7.33,70,0,58.3,15.5,success
2774,Gamma,infra,media,7.34,6.6,184,0,79.7,5.24,failed
2775,Gamma,api,baja,1.75,2.47,50,0,91.1,6.57,success
2776,Beta,db,baja,2.25,7.42,38,0,97.2,4.83,success
2777,Gamma,ui,alta,11.08,12.21,229,0,76.7,5.44,success
2778,Delta,db,media,10.13,5.73,350,0,78.1,8.6,success
2779,Beta,auth,baja,1.12,2.79,36,0,87.8,7.37,success
2780,Alpha,db,critica,0.5,1.34,60,0,62.0,3.42,success
2781,Beta,infra,media,9.07,6.27,171,0,83.6,5.77,success
2782,Delta,api,alta,2.85,2.8,62,0,82.2,7.52,success
2783,Delta,infra,media,1.43,2.14,114,0,35.6,5.57,success
2784,Delta,api,critica,8.65,7.22,135,0,48.2,3.82,success
2785,Delta,auth,baja,2.88,3.77,40,0,95.1,8.58,success
2786,Alpha,auth,baja,2.83,6.79,97,0,92.9,6.11,success
2787,Beta,db,alta,6.49,3.38,66,0,69.8,3.56,success
2788,Alpha,ui,alta,1.63,4.9,22,0,98.6,2.77,success
2789,Alpha,api,media,0.5,0.3,27,0,96.2,5.9,success
2790,Delta,ui,baja,5.96,5.67,37,0,59.3,6.07,success
2791,Delta,api,baja,3.8,6.39,154,0,58.1,10.28,success
2792,Alpha,api,alta,14.48,11.61,158,0,84.3,4.72,success
2793,Gamma,infra,alta,4.16,3.21,131,0,50.3,7.68,rolled_back
2794,Gamma,ui,baja,0.5,2.51,99,0,82.4,9.06,success
2795,Alpha,db,baja,9.34,11.23,97,0,97.2,4.79,success
2796,Delta,ui,media,4.23,2.56,86,0,69.8,4.12,success
2797,Delta,infra,alta,5.52,6.23,96,0,54.2,12.68,success
2798,Gamma,auth,media,6.22,7.64,102,0,64.7,4.94,success
2799,Gamma,api,media,0.5,0.83,19,0,77.0,7.14,success
2800,Beta,auth,critica,0.5,6.14,33,0,45.3,4.07,success
2801,Delta,ui,baja,8.78,11.95,26,0,70.3,4.81,success
2802,Beta,ui,media,2.58,5.78,181,0,87.8,4.57,success
2803,Delta,db,media,15.88,13.77,296,0,55.5,4.31,failed
2804,Alpha,api,media,3.5,0.3,9,0,89.2,8.27,success
2805,Alpha,auth,alta,10.51,4.5,273,0,78.1,3.66,success
2806,Delta,ui,media,2.51,2.79,72,0,74.0,7.46,success
2807,Beta,infra,media,13.74,8.1,166,0,98.3,3.96,success
2808,Beta,api,baja,2.91,4.81,105,1,90.2,,success
2809,Delta,auth,alta,7.05,0.3,244,0,88.2,5.5,success
2810,Alpha,api,baja,6.04,6.67,81,0,41.2,8.48,success
2811,Gamma,api,baja,0.5,1.36,20,0,65.4,6.5,success
2812,Beta,api,media,0.63,0.52,61,0,55.6,6.28,success
2813,Alpha,api,media,4.89,9.2,106,0,33.9,3.79,success
2814,Delta,ui,critica,5.65,4.12,55,0,72.6,3.65,success
2815,Alpha,api,alta,10.39,3.69,121,0,80.2,8.18,success
2816,Alpha,api,alta,9.19,8.16,63,0,33.3,12.92,success
2817,Gamma,auth,baja,0.5,2.76,39,0,68.8,7.17,success
2818,Delta,infra,media,5.88,4.59,25,0,83.0,6.99,success
2819,Alpha,api,critica,0.71,7.8,47,0,47.6,7.42,success
2820,Gamma,api,media,0.92,2.58,80,1,77.6,10.49,success
2821,Gamma,auth,alta,0.5,4.34,11,0,,6.29,success
2822,Delta,ui,media,0.92,2.86,33,0,62.1,,success
2823,Alpha,infra,baja,0.5,4.98,11,0,44.7,8.24,success
2824,Delta,auth,media,0.5,0.97,38,0,67.4,5.37,success
2825,Gamma,auth,baja,12.8,6.52,196,1,62.3,18.29,success
2826,Delta,auth,baja,5.36,6.63,23,0,64.9,7.96,success
2827,Beta,ui,baja,5.58,5.6,126,0,73.2,5.26,success
2828,Delta,infra,baja,24.76,18.34,866,1,70.7,12.39,failed
2829,Gamma,api,media,13.59,8.11,247,0,77.1,14.69,success
2830,Alpha,api,alta,3.95,5.07,75,0,87.1,8.65,success
2831,Delta,db,media,4.34,0.3,144,0,77.5,4.98,success
2832,Delta,db,alta,0.5,0.6,19,0,61.8,9.24,success
2833,Beta,auth,media,3.94,2.1,16,0,75.9,5.57,success
2834,Gamma,auth,baja,2.68,4.35,68,0,54.6,5.81,success
2835,Beta,api,baja,5.48,3.58,95,0,78.3,10.38,success
2836,Gamma,db,critica,7.79,2.74,179,0,63.3,2.3,success
2837,Delta,ui,media,5.05,3.11,40,0,40.9,4.64,success
2838,Delta,ui,critica,4.9,5.94,79,0,94.7,4.64,success
2839,Alpha,db,baja,3.38,3.86,77,0,87.8,8.1,success
2840,Delta,api,alta,5.36,2.85,59,0,94.3,7.62,success
2841,Beta,api,alta,6.56,7.53,62,0,82.8,3.44,success
2842,Gamma,auth,critica,8.21,10.34,31,0,63.3,4.69,success
2843,Delta,infra,baja,0.88,4.3,86,0,73.5,4.52,success
2844,Beta,ui,critica,7.56,0.3,79,0,,1.61,success
2845,Beta,api,media,0.5,2.39,45,0,90.6,4.71,success
2846,Beta,auth,alta,8.52,6.26,121,0,64.3,7.62,success
2847,Delta,db,media,5.02,0.3,168,0,71.9,7.59,success
2848,Beta,db,media,8.06,3.11,123,0,79.2,5.56,success
2849,Beta,ui,media,7.11,7.76,26,0,73.5,3.55,success
2850,Beta,auth,alta,4.73,4.8,73,0,70.7,5.97,success
2851,Alpha,infra,baja,2.75,3.35,29,0,,21.58,success
2852,Beta,db,media,3.89,2.21,73,0,74.3,6.09,success
2853,Alpha,ui,media,1.64,5.19,29,0,52.0,4.11,success
2854,Alpha,ui,alta,11.23,5.16,210,0,54.1,5.01,success
2855,Gamma,infra,media,5.67,2.68,135,0,51.7,3.67,success
2856,Alpha,infra,media,1.97,1.89,188,0,46.0,4.96,success
2857,Gamma,ui,media,10.28,3.85,172,0,83.2,8.21,success
2858,Delta,api,media,6.19,3.01,52,0,70.6,11.08,success
2859,Gamma,api,media,3.5,6.25,45,0,83.3,5.42,success
2860,Beta,db,alta,9.24,4.93,320,1,38.3,5.82,success
2861,Alpha,ui,alta,0.68,3.86,57,0,73.2,7.55,success
2862,Delta,auth,media,0.5,3.39,20,0,58.8,6.72,success
2863,Delta,auth,baja,7.58,5.63,165,0,69.2,7.07,success
2864,Gamma,infra,media,0.5,0.3,76,0,68.7,6.32,rolled_back
2865,Alpha,infra,baja,10.88,8.19,259,0,71.6,6.71,success
2866,Alpha,infra,baja,4.68,0.3,83,0,65.5,7.29,success
2867,Beta,api,alta,7.81,4.86,65,0,78.5,5.64,success
2868,Alpha,db,media,11.72,9.14,263,0,91.0,6.82,success
2869,Delta,db,media,0.5,3.97,17,0,84.3,6.27,success
2870,Alpha,api,critica,0.5,1.42,39,0,56.1,2.67,success
2871,Beta,auth,baja,0.5,0.3,30,0,82.0,14.61,success
2872,Delta,infra,baja,6.63,3.76,9,0,62.0,,success
2873,Delta,auth,baja,7.31,4.72,146,0,85.8,4.71,success
2874,Alpha,ui,baja,4.76,5.92,40,0,93.1,6.81,success
2875,Beta,ui,alta,4.64,5.16,151,0,81.2,4.84,success
2876,Gamma,ui,alta,6.56,5.38,95,0,84.2,3.73,success
2877,Gamma,api,media,0.5,3.38,115,0,86.6,4.2,success
2878,Delta,db,baja,6.27,5.26,44,0,72.4,7.73,success
2879,Delta,auth,media,0.5,0.3,34,0,43.0,6.5,success
2880,Delta,db,baja,0.5,0.3,72,0,73.5,5.26,success
2881,Alpha,auth,media,12.49,10.5,153,0,93.1,6.57,success
2882,Alpha,ui,media,4.27,0.63,64,0,59.7,7.26,success
2883,Gamma,db,baja,3.43,2.61,35,0,48.2,5.16,success
2884,Alpha,auth,alta,0.5,1.51,23,0,74.1,4.63,success
2885,Beta,auth,alta,6.27,2.68,80,0,82.9,12.42,success
2886,Alpha,db,baja,5.54,0.65,41,0,82.9,9.16,success
2887,Delta,auth,media,3.26,0.52,63,0,74.2,7.97,success
2888,Alpha,auth,media,5.94,0.54,54,0,69.9,8.02,success
2889,Alpha,api,baja,6.4,6.87,45,0,97.7,11.15,success
2890,Alpha,infra,baja,5.98,6.08,87,0,34.1,5.88,success
2891,Alpha,ui,media,0.5,0.3,110,0,65.0,3.61,success
2892,Gamma,api,critica,9.67,3.88,391,0,84.2,3.68,success
2893,Beta,infra,media,11.02,11.03,132,0,85.4,5.03,success
2894,Delta,api,media,10.66,9.0,280,0,56.8,5.22,success
2895,Beta,api,media,3.22,1.88,32,0,90.3,8.25,success
2896,Gamma,api,media,0.5,4.77,16,0,67.0,4.72,success
2897,Gamma,api,baja,1.73,2.88,66,0,60.7,14.86,success
2898,Gamma,api,media,10.53,8.61,144,0,78.0,3.43,success
2899,Delta,ui,critica,10.48,5.18,125,0,74.5,8.62,success
2900,Alpha,auth,alta,10.02,3.72,198,0,79.6,2.85,success
2901,Gamma,ui,critica,4.16,0.3,7,0,78.2,6.3,success
2902,Delta,auth,baja,10.16,12.8,206,0,68.8,9.09,success
2903,Delta,api,media,4.48,2.12,90,0,91.7,5.54,success
2904,Gamma,auth,media,0.5,1.96,17,0,62.3,8.5,success
2905,Gamma,ui,baja,0.83,3.15,128,0,68.5,5.76,success
2906,Delta,db,baja,8.49,6.54,78,0,40.3,5.52,success
2907,Gamma,api,alta,4.7,3.93,94,0,84.9,7.27,success
2908,Delta,auth,media,8.43,6.12,164,0,41.8,5.05,success
2909,Alpha,auth,media,5.49,5.99,98,0,70.7,12.84,success
2910,Beta,db,baja,3.32,0.89,18,0,59.4,9.37,success
2911,Alpha,api,media,4.67,3.2,59,0,92.0,7.06,success
2912,Alpha,db,baja,4.3,0.3,16,0,59.7,6.4,success
2913,Beta,api,baja,3.3,0.3,120,1,81.0,10.88,success
2914,Alpha,auth,media,12.13,5.53,235,0,74.6,9.52,success
2915,Beta,db,baja,0.5,3.93,22,0,83.0,10.67,success
2916,Beta,api,critica,3.8,3.1,36,0,58.4,2.91,success
2917,Gamma,auth,media,0.5,3.54,30,0,76.2,3.93,success
2918,Delta,infra,baja,2.79,4.14,44,0,60.6,7.54,success
2919,Delta,auth,baja,2.83,3.85,97,0,49.4,7.38,success
2920,Beta,api,alta,3.42,1.19,45,0,79.7,7.88,success
2921,Beta,api,baja,7.81,6.37,120,0,83.0,6.74,success
2922,Delta,api,baja,7.46,6.61,174,0,71.4,13.23,success
2923,Alpha,db,media,12.52,14.51,180,0,69.3,7.55,success
2924,Gamma,auth,baja,5.53,3.95,24,0,70.3,14.24,success
2925,Beta,infra,media,8.27,8.29,232,0,63.4,3.88,success
2926,Alpha,ui,media,9.28,6.76,250,0,90.6,6.6,success
2927,Gamma,infra,baja,11.43,6.6,270,0,71.7,12.7,success
2928,Beta,db,alta,5.85,7.18,58,0,62.4,3.09,success
2929,Alpha,infra,media,0.5,6.53,34,0,41.2,9.14,success
2930,Gamma,ui,media,5.06,5.19,27,0,64.8,3.59,success
2931,Alpha,api,baja,0.5,0.3,25,0,85.1,5.28,success
2932,Gamma,api,media,5.92,6.22,67,0,64.2,3.94,success
2933,Alpha,ui,baja,9.16,7.69,143,0,55.0,5.36,success
2934,Beta,api,media,9.38,12.67,216,0,82.7,8.55,success
2935,Delta,db,baja,0.5,3.66,43,0,63.9,6.7,success
2936,Alpha,auth,critica,0.5,0.3,64,0,98.6,4.2,success
2937,Delta,db,baja,5.61,8.05,61,0,84.4,5.75,success
2938,Gamma,auth,critica,0.5,3.74,38,0,81.0,4.42,success
2939,Delta,infra,critica,7.8,8.52,129,0,,9.46,success
2940,Alpha,auth,media,7.33,7.01,92,0,48.0,4.01,success
2941,Gamma,auth,baja,8.29,8.99,76,0,89.5,28.04,success
2942,Delta,db,media,4.0,5.0,92,0,57.4,5.71,success
2943,Delta,db,critica,6.86,4.98,116,0,51.2,2.65,success
2944,Alpha,db,media,5.99,5.43,115,0,78.5,3.93,success
2945,Delta,infra,media,0.5,1.51,31,0,81.6,7.2,success
2946,Alpha,api,baja,8.41,7.4,149,0,46.0,7.97,success
2947,Gamma,db,alta,9.43,7.36,84,0,88.1,3.23,success
2948,Beta,api,baja,5.42,3.97,45,0,80.0,11.44,success
2949,Gamma,ui,baja,2.69,2.66,82,0,72.0,8.92,success
2950,Gamma,api,baja,7.34,5.9,91,0,64.3,11.19,success
2951,Alpha,auth,media,10.7,3.47,177,0,69.9,10.74,success
2952,Gamma,ui,alta,6.9,8.2,26,0,51.2,3.02,success
2953,Delta,db,alta,11.84,9.47,220,1,60.6,12.59,success
2954,Beta,auth,baja,0.5,0.3,68,0,70.6,9.46,success
2955,Beta,infra,media,4.45,5.65,42,0,52.1,7.65,success
2956,Delta,ui,alta,5.27,3.39,41,0,54.2,4.72,success
2957,Alpha,auth,media,5.52,3.54,27,0,66.0,10.38,success
2958,Beta,ui,baja,3.97,4.82,14,0,67.5,12.39,success
2959,Gamma,auth,media,11.17,11.78,123,0,88.1,7.39,success
2960,Beta,auth,media,8.43,7.26,397,0,69.2,7.67,success
2961,Delta,ui,critica,4.24,2.1,16,0,47.5,13.75,success
2962,Beta,auth,media,4.28,3.19,28,0,,3.13,success
2963,Delta,auth,baja,8.78,8.89,131,0,84.0,13.03,success
2964,Alpha,db,alta,7.94,7.27,64,0,73.1,5.45,success
2965,Gamma,auth,baja,3.09,5.75,141,0,57.5,13.57,success
2966,Gamma,db,alta,9.15,7.97,61,0,76.7,3.6,success
2967,Alpha,db,media,5.33,6.63,40,0,73.8,7.3,success
2968,Alpha,auth,baja,3.13,8.41,54,0,66.6,8.44,success
2969,Gamma,ui,media,0.5,0.3,8,0,55.9,8.0,success
2970,Gamma,auth,baja,3.41,9.56,24,0,90.2,6.93,success
2971,Gamma,ui,baja,7.72,8.47,157,0,38.4,6.33,success
2972,Alpha,auth,media,8.74,13.31,195,0,42.2,7.99,failed
2973,Gamma,infra,alta,6.87,3.16,236,0,57.3,7.55,success
2974,Delta,auth,alta,6.89,6.59,99,0,67.2,5.17,success
2975,Alpha,ui,media,1.21,2.62,9,0,71.9,7.81,success
2976,Beta,auth,baja,6.79,7.78,38,0,65.7,14.7,success
2977,Beta,auth,media,13.73,10.91,220,0,56.3,6.54,success
2978,Delta,api,media,8.04,7.22,287,0,61.5,3.36,success
2979,Beta,ui,baja,8.99,8.84,227,0,72.5,8.64,success
2980,Beta,infra,alta,6.54,5.16,54,0,51.3,,success
2981,Gamma,auth,critica,3.6,2.37,21,0,81.1,5.3,success
2982,Alpha,auth,baja,0.5,2.93,64,0,88.6,10.67,failed
2983,Delta,api,alta,6.77,4.27,68,0,68.1,5.06,success
2984,Delta,api,media,8.28,6.15,273,0,75.8,8.94,success
2985,Gamma,infra,baja,5.17,1.0,82,0,40.6,10.26,success
2986,Gamma,infra,media,0.53,1.96,68,0,49.0,10.79,failed
2987,Gamma,infra,baja,6.93,3.34,71,0,74.9,15.82,success
2988,Delta,auth,baja,3.55,3.55,96,0,75.4,13.6,success
2989,Delta,api,critica,8.35,3.79,117,0,88.0,1.44,success
2990,Beta,db,media,2.41,2.9,35,0,90.2,5.06,success
2991,Beta,api,baja,1.34,4.55,26,0,38.8,5.66,success
2992,Gamma,ui,media,10.32,6.2,229,0,68.5,8.3,success
2993,Alpha,auth,critica,0.5,0.3,15,0,55.3,4.19,success
2994,Delta,api,media,16.41,13.3,291,0,26.3,4.66,success
2995,Delta,infra,critica,2.95,5.55,12,0,76.0,3.31,success
2996,Gamma,api,alta,1.17,3.26,39,0,64.7,4.45,success
2997,Beta,infra,baja,5.6,3.7,160,0,91.6,10.12,success
2998,Beta,api,media,4.06,2.36,67,0,98.9,3.68,success
2999,Beta,auth,media,5.59,4.03,20,0,83.5,4.67,success
3000,Gamma,api,alta,1.78,2.42,98,0,72.5,2.26,success
3001,Delta,auth,media,2.97,0.3,71,0,50.9,8.85,success
3002,Gamma,ui,baja,3.48,1.13,55,0,90.6,11.5,success
3003,Delta,auth,baja,8.01,9.43,38,0,61.6,8.95,success
3004,Delta,ui,media,7.11,6.28,65,0,51.5,8.31,success
3005,Gamma,infra,alta,8.78,9.84,39,0,90.6,6.01,success
3006,Beta,api,alta,20.0,16.04,597,0,88.3,6.8,success
3007,Gamma,auth,media,8.68,5.93,54,0,78.4,3.46,success
3008,Beta,api,baja,7.24,5.1,48,0,78.4,8.77,success
3009,Gamma,db,baja,5.69,7.33,41,0,80.5,5.74,success
3010,Delta,ui,alta,14.35,12.01,330,0,55.8,7.44,success
3011,Beta,auth,media,0.67,4.37,15,0,69.8,5.78,success
3012,Gamma,ui,alta,11.21,8.19,92,0,,10.77,success
3013,Alpha,api,baja,2.98,3.64,54,0,97.9,8.26,success
3014,Gamma,api,media,4.55,3.59,19,0,81.8,4.41,success
3015,Beta,auth,critica,4.99,4.36,32,1,63.7,3.79,success
3016,Beta,infra,baja,0.56,0.3,89,0,83.3,5.77,success
3017,Gamma,auth,baja,2.75,2.96,31,0,87.8,7.44,success
3018,Alpha,auth,media,5.05,4.13,84,0,64.2,11.25,success
3019,Gamma,auth,media,11.08,7.0,316,0,70.6,5.28,success
3020,Gamma,ui,critica,4.2,6.0,78,0,81.1,5.64,success
3021,Beta,api,critica,7.02,2.19,18,0,70.7,2.11,success
3022,Alpha,auth,alta,0.77,2.81,31,0,90.8,7.33,success
3023,Beta,api,baja,0.5,0.3,52,0,65.7,7.1,success
3024,Alpha,ui,media,1.94,0.54,49,0,98.5,7.39,success
3025,Beta,api,alta,6.51,3.5,76,0,74.1,11.29,success
3026,Gamma,infra,media,7.61,7.24,88,0,93.1,6.58,success
3027,Alpha,api,critica,13.09,3.71,317,0,95.0,2.24,success
3028,Gamma,auth,media,7.2,6.24,66,0,96.3,6.8,success
3029,Alpha,infra,baja,3.39,3.65,24,0,83.0,7.9,success
3030,Delta,db,media,6.0,2.67,188,0,82.1,8.94,success
3031,Gamma,api,media,4.9,4.9,208,0,93.1,6.55,success
3032,Beta,db,baja,0.67,0.3,82,0,34.0,13.12,success
3033,Gamma,ui,baja,2.79,3.06,53,0,66.4,10.34,success
3034,Alpha,api,alta,7.57,2.91,117,0,67.2,5.71,success
3035,Alpha,db,baja,4.27,9.19,55,0,81.3,7.48,success
3036,Delta,db,baja,2.37,5.08,10,0,61.0,,success
3037,Delta,api,media,2.0,3.32,111,0,75.4,5.48,success
3038,Alpha,ui,alta,13.2,7.03,149,0,42.9,2.8,success
3039,Beta,api,media,6.84,4.92,244,0,38.0,5.96,success
3040,Alpha,auth,critica,3.36,2.93,35,0,91.9,1.74,success
3041,Beta,infra,critica,7.47,6.59,82,0,77.6,4.88,success
3042,Beta,ui,media,4.62,5.27,83,0,56.3,4.16,success
3043,Beta,ui,baja,1.74,3.11,72,0,88.5,8.7,success
3044,Gamma,ui,alta,7.07,6.6,74,0,86.8,5.55,success
3045,Alpha,ui,baja,0.58,1.42,69,0,68.4,6.32,success
3046,Delta,api,alta,9.93,8.31,81,0,79.4,2.97,success
3047,Gamma,infra,media,6.9,4.05,130,0,39.7,6.22,success
3048,Delta,ui,media,7.2,3.16,200,0,79.7,6.03,failed
3049,Alpha,ui,media,0.5,6.42,34,0,69.2,14.21,success
3050,Gamma,api,media,0.5,2.84,57,0,84.7,5.38,success
3051,Delta,api,critica,3.22,7.95,46,0,58.2,6.85,success
3052,Alpha,auth,baja,8.14,5.7,40,0,60.6,6.0,success
3053,Delta,api,critica,3.22,9.46,16,0,52.2,2.56,success
3054,Beta,auth,baja,5.08,4.75,68,0,81.2,9.0,success
3055,Delta,ui,alta,6.31,8.15,103,0,61.8,4.36,success
3056,Beta,infra,critica,10.83,8.08,58,0,,4.36,success
3057,Delta,api,media,2.59,3.47,66,0,53.9,3.23,success
3058,Alpha,api,baja,8.99,6.61,97,0,93.9,6.07,success
3059,Beta,ui,alta,7.91,5.01,237,0,66.8,4.2,success
3060,Beta,auth,alta,1.27,4.71,46,0,78.0,3.32,success
3061,Alpha,infra,baja,2.48,2.97,23,0,58.6,6.66,success
3062,Beta,api,media,3.58,5.72,61,0,72.9,3.61,success
3063,Beta,auth,alta,14.58,12.51,363,1,56.9,8.58,success
3064,Alpha,auth,baja,0.5,5.34,23,0,84.4,6.67,success
3065,Gamma,infra,media,6.12,6.22,120,0,79.7,5.33,success
3066,Gamma,auth,media,5.56,1.06,189,0,58.7,7.84,success
3067,Delta,ui,baja,0.5,1.0,8,0,73.8,5.47,success
3068,Gamma,auth,alta,0.5,1.74,96,0,49.7,11.26,success
3069,Alpha,auth,baja,4.5,4.23,115,0,82.5,5.44,success
3070,Alpha,infra,critica,2.21,6.12,52,0,25.6,7.43,success
3071,Beta,auth,media,1.83,5.44,37,0,89.4,11.21,success
3072,Beta,auth,media,0.5,1.44,39,0,64.3,3.42,failed
3073,Alpha,ui,media,3.76,9.83,50,0,95.9,4.69,success
3074,Delta,infra,media,1.03,1.25,51,0,87.8,3.9,success
3075,Gamma,api,alta,0.5,1.13,43,0,84.1,6.82,success
3076,Gamma,auth,media,1.54,0.3,49,0,80.3,4.9,success
3077,Alpha,infra,alta,5.83,1.1,195,0,64.5,3.41,success
3078,Delta,ui,media,2.79,0.3,22,0,88.2,5.76,success
3079,Alpha,infra,baja,0.96,4.61,14,1,75.9,13.05,success
3080,Beta,db,baja,3.59,5.51,198,0,57.0,11.65,success
3081,Beta,ui,alta,1.01,0.3,56,0,,9.56,success
3082,Delta,api,media,0.5,2.05,47,0,80.8,,success
3083,Beta,api,media,7.21,7.84,60,0,64.8,3.72,success
3084,Alpha,db,media,7.82,1.11,81,0,82.3,7.24,success
3085,Beta,db,media,7.52,10.44,42,0,69.5,5.67,success
3086,Beta,infra,media,3.38,6.16,105,0,96.5,10.86,success
3087,Alpha,ui,media,6.22,7.26,28,0,100.0,11.04,success
3088,Alpha,api,critica,4.59,7.26,51,0,70.9,5.65,success
3089,Alpha,api,baja,0.5,0.3,9,0,68.4,7.78,success
3090,Beta,ui,media,5.87,4.48,192,0,98.9,6.86,success
3091,Beta,api,baja,3.19,6.56,57,0,83.9,7.72,success
3092,Beta,db,alta,5.97,5.06,122,0,68.7,5.9,success
3093,Gamma,ui,media,6.34,7.16,102,0,58.9,5.12,failed
3094,Alpha,auth,media,5.27,8.28,109,0,76.8,4.93,success
3095,Delta,ui,alta,2.88,4.99,66,0,40.2,4.38,success
3096,Delta,ui,media,9.12,6.33,95,1,75.2,17.74,success
3097,Alpha,infra,baja,2.54,4.46,28,0,78.6,4.44,success
3098,Beta,api,media,2.18,0.3,23,0,83.9,4.92,success
3099,Alpha,ui,baja,3.26,4.68,61,0,82.0,6.45,success
3100,Beta,api,alta,2.74,5.02,36,0,76.4,6.34,success
3101,Beta,ui,alta,5.14,4.96,241,0,59.5,3.92,success
3102,Alpha,auth,alta,2.17,5.71,93,0,44.5,10.49,success
3103,Alpha,infra,alta,9.43,7.85,35,0,86.1,9.15,success
3104,Beta,infra,alta,0.5,2.17,52,0,,10.8,success
3105,Gamma,ui,media,5.21,9.21,75,0,48.7,6.63,success
3106,Beta,ui,baja,4.92,2.06,63,0,93.1,12.14,success
3107,Delta,auth,media,7.75,9.63,85,0,68.3,4.64,success
3108,Beta,ui,critica,5.23,7.92,71,0,76.5,4.42,success
3109,Delta,api,critica,8.54,8.74,19,0,53.3,1.65,success
3110,Alpha,db,alta,2.93,2.25,10,0,95.2,6.78,success
3111,Gamma,auth,baja,8.2,7.28,48,0,93.1,8.82,success
3112,Delta,db,baja,8.58,4.64,110,0,88.1,7.86,success
3113,Alpha,api,alta,7.46,4.57,48,0,87.9,4.73,success
3114,Delta,ui,baja,8.17,6.73,203,0,79.0,10.03,success
3115,Beta,ui,media,5.11,2.36,64,0,,10.71,success
3116,Beta,auth,media,7.67,5.52,226,0,63.9,14.08,success
3117,Gamma,api,baja,8.2,3.66,188,0,75.7,8.7,success
3118,Gamma,db,media,7.92,7.88,172,0,84.6,6.05,success
3119,Alpha,ui,critica,0.5,5.89,23,0,55.6,3.29,success
3120,Delta,auth,alta,3.59,9.15,68,0,54.1,7.05,success
3121,Gamma,api,media,11.14,5.6,200,0,68.1,4.63,success
3122,Delta,api,media,0.5,0.3,85,0,63.3,7.72,success
3123,Beta,ui,critica,2.34,2.78,110,0,96.6,2.88,success
3124,Gamma,ui,media,6.65,7.55,19,0,74.6,6.16,success
3125,Beta,auth,media,17.28,11.64,375,0,67.9,4.47,success
3126,Delta,ui,media,1.03,4.81,33,0,68.5,5.24,success
3127,Delta,db,baja,2.88,4.84,11,0,71.4,8.58,success
3128,Delta,db,baja,3.22,0.3,49,0,55.1,10.58,success
3129,Gamma,auth,alta,6.36,5.74,7,0,68.0,4.64,success
3130,Delta,api,media,1.07,0.3,25,0,89.4,3.27,success
3131,Beta,api,baja,20.87,12.89,667,0,72.9,4.75,success
3132,Beta,auth,baja,7.43,5.21,47,0,85.9,4.77,success
3133,Delta,api,critica,0.5,3.94,18,0,42.4,9.3,success
3134,Alpha,auth,media,2.74,3.35,68,0,99.3,18.47,success
3135,Gamma,auth,media,3.37,2.64,30,0,,6.0,success
3136,Alpha,ui,baja,10.33,13.22,145,0,60.2,4.81,success
3137,Gamma,api,critica,0.5,0.3,30,0,,2.55,success
3138,Beta,db,alta,2.42,3.95,85,0,79.6,3.31,success
3139,Beta,auth,media,4.5,6.15,24,0,74.3,10.83,success
3140,Beta,ui,baja,25.0,17.2,692,0,49.8,6.5,success
3141,Beta,api,media,5.78,3.0,105,0,95.1,25.83,success
3142,Beta,db,alta,3.42,1.46,59,0,86.5,3.27,success
3143,Beta,db,alta,3.92,5.68,51,0,35.5,3.39,success
3144,Gamma,api,critica,0.5,4.69,41,0,86.9,3.49,success
3145,Delta,ui,media,3.34,3.65,34,0,75.0,5.08,success
3146,Gamma,auth,baja,8.22,3.42,33,0,68.3,11.17,success
3147,Gamma,ui,media,6.4,5.64,302,0,62.8,6.41,success
3148,Delta,auth,alta,0.75,6.01,41,0,68.4,7.31,success
3149,Delta,api,baja,1.05,0.3,10,0,98.2,8.31,success
3150,Alpha,auth,baja,1.82,2.08,23,0,80.8,8.3,success
3151,Gamma,infra,alta,13.12,9.79,154,0,71.0,4.88,success
3152,Alpha,api,media,1.16,5.19,53,0,64.7,10.34,success
3153,Alpha,ui,alta,0.82,0.94,59,0,83.0,8.38,success
3154,Delta,api,baja,10.16,9.08,191,0,83.2,5.81,success
3155,Alpha,api,baja,1.3,6.03,33,0,100.0,6.54,success
3156,Delta,auth,baja,8.03,2.89,118,0,59.0,5.65,success
3157,Delta,infra,media,2.49,0.3,37,0,39.7,6.54,success
3158,Delta,db,alta,6.81,5.63,112,0,57.8,6.52,success
3159,Gamma,auth,media,0.5,4.53,47,0,64.6,5.1,success
3160,Delta,db,media,5.06,5.64,54,0,68.8,,success
3161,Alpha,api,baja,6.77,8.51,140,0,73.1,5.8,success
3162,Delta,auth,alta,5.12,0.59,131,0,94.0,3.42,success
3163,Alpha,ui,critica,0.5,2.94,57,0,92.1,3.5,success
3164,Beta,auth,alta,3.97,0.3,44,0,90.7,4.94,success
3165,Alpha,auth,baja,12.32,12.49,281,0,79.8,5.78,success
3166,Beta,ui,media,3.8,7.03,113,0,49.7,4.24,success
3167,Gamma,api,baja,1.6,1.92,47,0,46.5,17.09,success
3168,Beta,infra,baja,5.49,0.3,37,0,86.0,6.38,success
3169,Delta,ui,baja,12.44,8.72,168,0,65.5,7.98,success
3170,Gamma,db,baja,7.54,9.09,74,0,59.8,9.19,success
3171,Gamma,ui,baja,4.55,5.54,58,0,74.3,8.3,success
3172,Delta,infra,alta,3.45,8.47,74,0,53.2,7.48,success
3173,Beta,api,baja,4.62,3.81,90,0,41.4,7.77,success
3174,Beta,ui,alta,0.5,7.15,63,0,90.0,2.85,success
3175,Delta,ui,critica,7.42,1.17,197,0,86.1,4.91,success
3176,Gamma,infra,media,12.16,7.17,207,0,50.8,5.52,success
3177,Gamma,auth,media,5.38,1.76,108,0,81.1,4.52,success
3178,Beta,ui,alta,7.02,7.83,230,0,90.2,12.54,success
3179,Alpha,db,baja,2.14,0.3,67,0,48.0,4.74,success
3180,Alpha,api,media,5.64,7.67,124,0,94.8,7.58,success
3181,Alpha,infra,media,3.73,5.73,165,0,87.6,7.39,success
3182,Alpha,api,alta,4.64,5.01,167,0,49.1,10.86,success
3183,Gamma,auth,alta,11.97,8.67,152,0,66.6,6.12,success
3184,Alpha,ui,alta,2.84,0.84,118,0,64.1,4.11,success
3185,Gamma,api,media,10.81,9.76,388,0,87.2,3.49,success
3186,Delta,auth,media,4.15,2.98,41,0,,3.6,success
3187,Delta,auth,alta,2.34,5.08,58,0,98.0,4.31,success
3188,Beta,auth,alta,3.92,7.85,55,0,89.8,9.91,success
3189,Alpha,db,media,5.69,4.4,48,0,78.9,3.72,success
3190,Delta,infra,critica,0.5,5.36,11,0,44.4,4.83,success
3191,Alpha,ui,alta,10.87,8.75,230,0,81.9,9.39,success
3192,Gamma,auth,media,0.72,3.68,26,0,86.2,12.87,success
3193,Gamma,ui,baja,3.33,0.45,78,0,57.7,6.86,success
3194,Alpha,infra,baja,7.58,4.59,19,0,100.0,10.81,success
3195,Gamma,db,alta,0.56,0.35,117,1,73.1,7.1,success
3196,Alpha,api,baja,4.53,7.84,33,0,71.1,8.87,success
3197,Alpha,auth,media,5.66,4.27,24,0,70.6,7.77,success
3198,Delta,infra,media,2.21,4.65,79,0,52.6,4.44,success
3199,Delta,infra,alta,0.94,2.13,35,0,64.8,2.28,success
3200,Beta,auth,alta,2.09,2.12,40,0,68.0,5.65,success
3201,Delta,db,alta,2.16,0.3,78,0,74.1,7.94,success
3202,Delta,auth,media,6.32,0.77,137,0,,9.9,success
3203,Delta,auth,baja,5.78,4.38,32,0,91.0,8.46,success
3204,Alpha,db,media,1.86,2.17,27,0,83.6,8.58,success
3205,Beta,ui,baja,6.83,3.66,68,0,49.0,5.93,success
3206,Gamma,api,media,10.18,8.22,108,0,67.7,10.31,success
3207,Delta,infra,critica,10.83,13.16,249,0,77.8,7.38,success
3208,Delta,db,media,4.41,8.13,25,0,35.2,8.03,success
3209,Beta,auth,media,1.72,2.74,50,0,68.6,4.85,success
3210,Alpha,ui,media,0.92,2.35,192,0,80.4,6.32,success
3211,Delta,db,alta,15.67,12.66,394,0,59.1,4.59,success
3212,Beta,ui,media,5.2,5.39,27,0,89.6,5.66,success
3213,Beta,infra,media,3.75,5.51,34,0,44.6,8.36,success
3214,Delta,ui,baja,7.69,6.95,94,0,65.1,9.23,success
3215,Gamma,auth,media,1.26,2.64,40,0,81.9,3.38,success
3216,Beta,auth,baja,4.58,2.77,34,0,64.5,6.02,success
3217,Alpha,db,media,8.33,7.52,83,0,69.3,7.39,success
3218,Beta,infra,alta,12.07,3.2,269,0,70.6,4.82,success
3219,Delta,auth,baja,6.87,6.4,21,0,93.5,5.3,success
3220,Beta,auth,media,13.76,4.71,257,0,47.7,9.75,success
3221,Gamma,db,baja,0.5,2.58,40,0,78.3,,success
3222,Beta,auth,baja,6.89,3.3,91,1,40.4,10.9,success
3223,Delta,auth,baja,8.37,9.83,279,0,52.1,4.62,success
3224,Delta,infra,baja,1.17,2.54,89,0,83.4,13.63,success
3225,Gamma,db,critica,2.52,3.13,51,0,81.9,2.8,success
3226,Delta,infra,critica,11.35,9.44,127,0,55.8,6.82,success
3227,Gamma,ui,alta,1.79,0.53,57,0,76.1,3.67,success
3228,Beta,api,media,0.5,4.72,107,0,64.2,13.86,success
3229,Gamma,infra,alta,0.5,3.65,55,0,67.7,8.07,success
3230,Delta,api,alta,7.86,4.96,145,0,70.8,3.69,success
3231,Delta,api,media,0.5,0.3,19,0,72.1,4.36,success
3232,Alpha,infra,baja,0.5,0.87,27,0,97.1,5.69,success
3233,Gamma,ui,alta,0.5,1.53,19,0,82.1,4.31,success
3234,Alpha,infra,critica,4.33,1.39,63,0,41.4,8.16,success
3235,Gamma,auth,baja,5.26,3.51,17,0,44.3,4.69,success
3236,Gamma,infra,media,1.51,0.93,36,0,74.3,4.82,success
3237,Beta,ui,media,4.7,3.81,25,0,71.3,9.07,success
3238,Delta,ui,media,12.48,8.5,253,0,43.3,9.2,success
3239,Delta,infra,alta,0.5,3.02,27,0,73.2,9.58,success
3240,Alpha,api,media,2.31,2.96,21,0,79.0,3.84,success
3241,Alpha,db,critica,2.92,4.26,83,0,83.9,3.8,success
3242,Alpha,ui,alta,12.53,9.64,304,0,60.0,3.81,success
3243,Delta,db,baja,1.87,2.13,60,0,79.0,14.24,success
3244,Gamma,infra,alta,0.5,3.51,64,0,44.7,5.68,success
3245,Gamma,ui,alta,8.58,0.3,213,0,40.2,3.48,success
3246,Delta,auth,media,9.92,6.56,147,0,65.0,12.63,success
3247,Delta,auth,media,6.55,4.0,98,0,91.2,5.87,success
3248,Alpha,infra,alta,5.8,5.28,39,0,69.0,5.61,success
3249,Alpha,infra,media,7.43,4.37,101,0,93.6,14.21,success
3250,Beta,infra,baja,2.73,4.51,20,0,63.1,7.91,success
3251,Beta,auth,baja,1.35,4.12,38,0,50.1,12.18,success
3252,Gamma,api,baja,6.19,1.75,242,0,72.0,6.45,success
3253,Alpha,db,media,4.31,4.64,215,1,35.2,12.82,success
3254,Beta,db,baja,8.54,3.42,99,0,40.1,8.12,success
3255,Alpha,auth,media,1.5,3.6,12,0,81.0,9.61,success
3256,Alpha,ui,media,0.5,0.63,22,1,73.4,10.57,success
3257,Alpha,auth,alta,6.3,3.27,36,0,54.2,5.59,success
3258,Alpha,api,media,3.96,0.3,57,0,51.3,10.69,success
3259,Gamma,auth,critica,6.08,4.92,22,0,67.8,3.0,success
3260,Beta,auth,critica,2.81,0.3,53,0,90.5,3.2,success
3261,Beta,auth,baja,9.43,3.45,327,0,64.6,16.66,success
3262,Beta,infra,media,6.22,5.7,96,0,95.8,4.71,success
3263,Gamma,db,baja,6.3,7.7,81,0,93.0,6.53,success
3264,Delta,infra,alta,1.93,3.64,27,0,71.7,3.82,success
3265,Gamma,api,media,7.09,2.18,15,0,60.7,5.06,success
3266,Gamma,api,baja,6.0,4.76,22,0,62.8,4.98,success
3267,Gamma,api,baja,4.44,5.87,15,0,66.7,9.2,success
3268,Gamma,ui,media,0.5,1.46,71,1,36.0,12.67,success
3269,Alpha,api,alta,1.56,3.25,94,0,84.0,2.4,success
3270,Delta,db,alta,6.63,4.38,28,0,54.8,4.56,success
3271,Alpha,db,baja,0.5,0.84,76,0,80.2,6.6,success
3272,Beta,infra,baja,9.23,5.39,250,0,,5.34,success
3273,Gamma,auth,media,14.16,11.53,388,0,72.9,4.11,success
3274,Beta,ui,media,4.52,5.9,133,0,54.9,5.36,success
3275,Alpha,auth,baja,3.62,2.28,57,0,84.7,11.8,success
3276,Delta,auth,baja,7.23,7.73,130,0,85.3,8.24,success
3277,Alpha,db,alta,7.22,2.26,225,0,72.4,6.25,success
3278,Alpha,ui,media,4.63,3.85,11,0,91.1,4.92,success
3279,Delta,db,alta,11.43,4.97,253,0,91.3,3.26,success
3280,Gamma,auth,media,2.59,0.3,41,0,55.1,14.2,success
3281,Alpha,infra,media,1.07,0.3,41,0,37.5,10.36,failed
3282,Delta,infra,media,3.15,1.75,48,0,70.4,10.04,success
3283,Delta,api,baja,11.34,9.85,89,0,59.7,8.38,success
3284,Alpha,infra,baja,0.77,1.77,25,0,82.5,10.73,success
3285,Beta,auth,critica,8.15,4.93,52,0,82.4,6.53,success
3286,Beta,db,alta,0.5,1.37,107,0,54.5,3.48,success
3287,Alpha,infra,alta,2.18,0.3,81,0,68.6,13.53,success
3288,Alpha,db,baja,3.4,4.97,94,0,77.2,10.8,success
3289,Alpha,db,baja,5.98,0.3,50,0,74.9,7.08,success
3290,Alpha,api,baja,5.89,3.27,125,0,61.4,5.24,success
3291,Beta,db,critica,11.12,7.97,173,0,50.1,2.31,success
3292,Beta,ui,alta,5.89,6.15,163,0,63.1,6.29,success
3293,Alpha,auth,media,4.8,4.98,98,0,45.6,6.06,success
3294,Beta,auth,critica,5.66,4.77,155,0,79.8,3.25,success
3295,Alpha,db,baja,11.67,12.15,146,0,20.1,8.28,success
3296,Delta,ui,media,20.72,18.97,742,1,88.6,10.34,success
3297,Alpha,ui,baja,6.67,5.52,200,0,76.0,6.95,success
3298,Delta,infra,baja,0.77,1.71,62,0,84.2,5.38,success
3299,Gamma,ui,critica,4.89,4.03,29,0,94.2,4.53,success
3300,Delta,api,alta,0.5,0.3,53,0,90.9,10.49,success
3301,Gamma,api,baja,9.9,8.38,49,0,89.1,5.26,success
3302,Beta,ui,baja,5.42,7.93,106,0,88.4,12.19,success
3303,Gamma,db,media,4.54,0.3,36,0,,11.23,success
3304,Beta,ui,baja,9.24,6.62,195,0,86.3,8.08,success
3305,Alpha,ui,media,2.52,6.73,19,0,49.5,6.89,success
3306,Beta,db,media,2.81,4.17,15,0,66.5,6.58,success
3307,Beta,db,baja,4.02,4.95,59,0,74.5,8.71,success
3308,Alpha,db,baja,4.28,0.3,31,0,84.6,6.65,success
3309,Alpha,auth,baja,0.5,3.56,21,0,52.1,9.41,success
3310,Delta,db,critica,0.5,4.32,38,0,86.2,1.6,success
3311,Gamma,ui,media,5.92,5.55,34,0,56.6,16.87,success
3312,Beta,auth,media,4.0,2.26,67,1,52.9,12.93,success
3313,Delta,ui,baja,0.5,2.91,38,0,75.8,8.3,success
3314,Alpha,db,alta,1.99,0.3,41,0,85.3,7.89,success
3315,Beta,ui,baja,8.57,3.72,66,0,71.3,7.8,success
3316,Delta,db,baja,6.47,7.39,166,0,71.1,9.69,success
3317,Gamma,api,alta,7.66,8.84,251,0,63.6,5.69,success
3318,Beta,auth,alta,0.5,0.3,76,0,,4.6,success
3319,Beta,api,baja,2.76,0.3,82,0,27.9,9.01,success
3320,Alpha,api,media,0.67,0.3,57,0,72.5,7.15,success
3321,Alpha,ui,critica,6.21,5.72,103,0,78.4,6.33,success
3322,Alpha,db,baja,4.98,1.58,95,0,69.4,6.39,success
3323,Delta,db,baja,7.45,9.18,220,0,68.3,4.78,success
3324,Gamma,auth,media,0.5,0.64,12,0,83.4,6.95,success
3325,Beta,api,baja,8.2,7.34,54,0,78.8,9.91,success
3326,Delta,auth,media,2.47,1.12,90,0,77.3,14.39,success
3327,Alpha,ui,media,2.12,4.23,65,0,74.6,7.72,success
3328,Alpha,auth,media,2.24,4.51,29,0,,4.57,success
3329,Beta,ui,media,2.32,0.3,21,0,92.5,10.7,success
3330,Delta,db,media,7.66,4.4,138,0,61.6,6.74,success
3331,Gamma,ui,alta,6.3,4.89,34,0,73.8,9.86,success
3332,Delta,api,baja,5.12,3.26,14,0,91.4,6.32,success
3333,Alpha,api,baja,12.66,11.27,144,0,,7.31,success
3334,Delta,ui,media,0.5,0.31,101,0,85.5,9.0,failed
3335,Alpha,ui,baja,4.4,5.93,60,0,76.9,10.73,success
3336,Alpha,auth,baja,1.51,3.62,29,0,79.1,8.64,success
3337,Gamma,infra,baja,10.89,7.76,60,0,53.2,9.24,success
3338,Alpha,ui,alta,8.43,8.45,199,1,30.4,11.31,success
3339,Delta,api,baja,0.5,0.3,16,0,22.0,7.6,success
3340,Delta,auth,alta,3.85,3.66,16,0,72.9,5.87,success
3341,Gamma,api,alta,4.08,2.01,38,0,60.4,13.3,success
3342,Beta,api,media,6.22,4.96,65,0,50.4,5.18,success
3343,Alpha,api,baja,1.4,1.17,43,0,83.3,5.09,success
3344,Gamma,ui,alta,6.73,5.69,119,0,89.6,5.89,success
3345,Gamma,api,baja,6.39,5.36,178,0,86.1,7.91,success
3346,Delta,infra,critica,2.46,3.32,86,0,71.1,2.39,success
3347,Gamma,infra,alta,6.51,5.85,110,0,51.6,5.64,success
3348,Alpha,auth,baja,4.95,5.9,85,0,75.4,5.1,success
3349,Alpha,auth,alta,6.75,2.4,67,0,85.5,4.13,success
3350,Delta,db,media,2.72,4.41,21,0,90.7,7.68,success
3351,Alpha,infra,media,4.36,0.33,26,0,81.9,3.95,success
3352,Delta,infra,media,0.5,0.3,20,0,71.3,5.81,success
3353,Alpha,auth,media,7.38,10.86,58,0,59.6,3.4,success
3354,Gamma,api,alta,1.72,0.3,82,0,88.4,4.31,success
3355,Delta,auth,alta,5.39,3.61,18,0,76.0,9.78,success
3356,Beta,db,baja,4.92,0.3,71,0,76.1,18.84,success
3357,Alpha,ui,media,3.26,2.32,30,0,78.7,6.06,success
3358,Delta,ui,media,5.15,5.11,25,0,,7.53,success
3359,Alpha,ui,media,0.5,2.41,38,0,83.6,4.24,success
3360,Gamma,api,media,0.7,0.3,24,0,79.4,7.34,success
3361,Delta,ui,media,7.81,5.08,115,0,91.6,11.6,success
3362,Gamma,auth,alta,10.49,8.72,57,0,84.6,5.64,success
3363,Alpha,ui,baja,6.11,5.76,139,0,18.0,11.23,success
3364,Delta,db,baja,0.5,2.12,45,0,93.5,6.23,success
3365,Alpha,ui,media,2.55,4.93,46,0,90.7,3.61,success
3366,Gamma,api,baja,12.59,8.78,360,0,79.7,6.8,success
3367,Gamma,db,baja,6.37,8.8,15,0,70.7,6.18,success
3368,Beta,db,baja,8.51,5.87,212,0,87.0,10.91,success
3369,Beta,auth,media,7.05,7.47,296,0,78.3,9.79,success
3370,Alpha,auth,critica,8.5,8.43,133,0,72.5,2.36,success
3371,Delta,ui,media,5.29,0.58,50,1,95.1,11.85,success
3372,Alpha,api,baja,7.41,7.05,241,0,92.3,10.08,success
3373,Beta,auth,alta,5.66,3.3,50,0,66.8,4.39,success
3374,Gamma,auth,baja,1.12,0.3,35,0,73.8,7.98,success
3375,Gamma,auth,critica,2.36,1.85,47,0,34.7,6.59,success
3376,Gamma,api,media,1.33,2.7,40,0,61.0,10.26,success
3377,Gamma,ui,baja,1.75,0.3,28,0,59.5,8.05,success
3378,Gamma,auth,media,10.63,7.95,181,0,76.8,7.63,success
3379,Delta,db,baja,0.5,1.26,33,0,68.3,10.03,success
3380,Beta,api,alta,7.26,8.45,65,0,72.7,3.26,success
3381,Delta,api,baja,3.1,1.78,18,0,81.3,4.48,success
3382,Delta,auth,alta,2.84,6.18,69,0,97.2,7.38,success
3383,Delta,db,alta,2.79,4.14,24,0,59.7,6.04,success
3384,Delta,infra,alta,0.5,1.72,23,0,73.3,3.16,success
3385,Delta,api,alta,0.5,4.98,60,0,75.2,7.64,success
3386,Alpha,auth,baja,4.89,9.24,173,0,83.8,5.23,success
3387,Delta,api,media,0.5,1.27,99,0,73.3,6.7,rolled_back
3388,Gamma,auth,alta,0.5,0.3,105,0,71.8,7.45,success
3389,Beta,db,media,0.5,2.87,59,0,82.5,9.79,success
3390,Gamma,auth,baja,7.79,2.62,49,0,38.9,6.8,success
3391,Beta,infra,baja,2.23,0.3,136,0,73.8,10.67,success
3392,Gamma,ui,baja,3.05,6.6,40,0,50.7,7.09,success
3393,Delta,ui,alta,9.76,8.79,141,0,84.0,3.66,success
3394,Alpha,db,media,10.31,5.54,203,0,58.4,5.03,success
3395,Beta,auth,media,2.04,10.56,31,0,56.4,5.32,success
3396,Delta,db,critica,2.16,0.3,36,0,73.5,1.29,success
3397,Beta,auth,baja,3.77,5.31,41,0,55.5,9.99,success
3398,Delta,db,alta,9.21,5.03,18,0,50.3,6.61,success
3399,Alpha,ui,baja,4.4,8.59,44,0,37.7,6.25,success
3400,Gamma,auth,baja,10.81,6.66,215,0,75.7,8.98,success
3401,Delta,db,baja,9.94,6.75,26,0,87.8,5.22,success
3402,Delta,auth,baja,9.48,2.67,220,0,97.4,9.13,success
3403,Alpha,auth,media,6.34,10.51,45,0,55.8,8.6,success
3404,Delta,db,media,16.92,10.11,447,1,83.8,7.85,success
3405,Beta,api,baja,4.47,5.38,36,0,60.0,10.3,success
3406,Beta,infra,baja,0.88,2.04,59,0,41.0,7.12,success
3407,Beta,ui,media,0.5,0.42,29,0,75.2,5.93,success
3408,Gamma,ui,baja,1.27,0.3,36,0,90.4,5.06,success
3409,Gamma,api,alta,11.77,7.99,222,0,41.8,8.99,success
3410,Beta,auth,critica,7.56,5.36,102,0,69.8,8.13,success
3411,Alpha,infra,alta,10.52,8.61,168,0,61.4,11.49,success
3412,Delta,auth,media,2.56,8.4,20,0,77.5,10.42,success
3413,Alpha,ui,media,7.0,7.31,120,0,91.3,6.91,success
3414,Alpha,api,media,4.25,6.2,28,0,72.2,7.29,success
3415,Gamma,api,critica,2.22,2.07,20,0,73.2,1.5,success
3416,Beta,ui,critica,3.53,0.33,83,0,69.7,1.43,success
3417,Gamma,db,media,0.5,1.1,82,0,81.5,6.1,success
3418,Delta,db,media,3.62,1.84,70,0,91.1,6.01,success
3419,Alpha,infra,alta,5.54,4.7,127,0,39.1,3.59,success
3420,Beta,api,baja,9.78,6.13,146,0,41.9,7.39,success
3421,Gamma,api,media,13.85,5.62,250,0,62.6,4.75,success
3422,Delta,auth,media,3.15,6.56,23,0,91.1,9.96,success
3423,Gamma,db,alta,17.02,11.36,258,0,90.4,5.73,success
3424,Beta,api,media,13.46,8.75,363,0,83.9,4.95,success
3425,Gamma,ui,baja,7.09,2.99,48,0,31.6,11.15,success
3426,Delta,auth,baja,2.13,1.59,15,0,72.4,5.2,success
3427,Beta,db,media,0.5,0.3,19,0,79.0,15.11,success
3428,Delta,db,critica,1.98,0.3,44,0,71.1,5.22,success
3429,Delta,infra,alta,18.92,13.26,409,1,87.5,7.94,success
3430,Beta,auth,media,3.25,2.28,68,0,51.1,3.66,success
3431,Alpha,infra,baja,1.92,4.52,38,0,62.3,7.56,success
3432,Delta,auth,alta,3.07,2.44,36,0,18.4,4.93,success
3433,Alpha,api,alta,1.58,2.73,20,0,43.4,7.38,success
3434,Beta,auth,media,9.99,7.71,147,0,74.7,6.02,success
3435,Alpha,api,media,8.75,7.71,61,0,91.4,4.05,success
3436,Gamma,ui,baja,15.25,8.55,441,0,82.2,6.88,success
3437,Beta,auth,alta,7.13,8.03,117,0,83.6,3.86,success
3438,Gamma,api,media,9.66,4.35,141,0,73.5,4.0,success
3439,Delta,ui,media,3.96,3.98,54,0,55.1,10.73,success
3440,Delta,db,critica,0.5,0.3,25,0,71.9,1.74,success
3441,Delta,ui,media,1.61,2.16,30,0,89.0,10.1,success
3442,Alpha,ui,critica,3.64,5.91,19,0,94.1,4.69,success
3443,Beta,auth,media,7.71,7.51,151,0,73.5,8.62,success
3444,Alpha,db,media,0.5,4.45,47,0,90.2,11.18,success
3445,Delta,auth,critica,5.33,3.94,157,0,75.4,3.17,success
3446,Gamma,api,critica,1.65,4.76,75,0,67.6,4.84,success
3447,Beta,auth,critica,6.18,3.48,51,0,63.8,3.33,success
3448,Gamma,ui,alta,0.5,0.65,23,0,74.9,4.95,success
3449,Gamma,api,media,2.98,3.61,87,1,81.5,12.33,success
3450,Beta,ui,baja,2.16,4.92,55,0,90.2,7.42,success
3451,Beta,api,media,8.87,5.45,150,0,87.5,6.6,success
3452,Alpha,api,critica,5.58,6.59,35,0,87.0,2.62,success
3453,Beta,api,media,6.96,6.25,116,0,74.5,6.09,success
3454,Beta,auth,alta,14.08,10.79,292,0,89.5,4.4,success
3455,Delta,api,critica,8.45,4.43,85,0,68.8,4.61,success
3456,Delta,ui,critica,0.5,0.84,135,0,75.1,2.51,success
3457,Delta,ui,critica,7.23,5.6,112,0,36.6,3.19,success
3458,Alpha,auth,media,12.08,9.59,368,2,78.0,15.08,success
3459,Delta,ui,media,0.82,0.3,93,0,78.8,8.11,success
3460,Beta,api,critica,4.79,1.14,125,0,71.1,4.99,success
3461,Beta,auth,baja,6.14,0.3,65,0,63.9,6.83,success
3462,Delta,auth,baja,7.59,7.92,33,0,74.8,6.09,success
3463,Delta,api,critica,0.5,4.16,22,0,81.6,1.69,success
3464,Alpha,api,media,9.88,2.4,209,0,28.7,10.9,success
3465,Beta,ui,media,8.71,6.92,27,0,77.1,9.74,success
3466,Gamma,auth,baja,12.36,7.97,130,0,60.1,12.89,success
3467,Gamma,db,media,0.5,4.84,97,0,83.1,11.52,success
3468,Beta,api,critica,13.1,8.83,152,0,81.4,5.41,success
3469,Gamma,ui,media,6.65,6.85,42,0,74.1,16.92,success
3470,Delta,db,media,0.5,0.74,33,0,40.4,5.91,success
3471,Alpha,api,media,2.82,1.47,94,0,88.0,6.64,success
3472,Gamma,auth,alta,7.97,8.2,51,0,50.0,4.03,success
3473,Gamma,ui,critica,3.93,6.55,22,0,76.3,2.15,success
3474,Delta,infra,media,11.65,5.32,382,0,80.9,5.27,success
3475,Beta,infra,media,3.19,6.27,33,0,71.9,5.16,success
3476,Alpha,auth,baja,4.23,1.6,27,0,98.1,9.83,success
3477,Gamma,db,media,1.58,0.3,54,0,77.0,6.91,success
3478,Gamma,api,baja,7.73,6.17,206,0,87.3,8.92,success
3479,Beta,auth,media,4.96,5.74,9,0,59.7,7.22,success
3480,Delta,ui,media,5.52,1.02,191,0,81.4,7.31,success
3481,Delta,ui,baja,0.5,0.3,29,0,43.6,6.19,success
3482,Alpha,ui,baja,2.89,2.0,85,0,36.5,8.33,success
3483,Delta,db,baja,0.5,0.3,36,0,76.4,10.1,success
3484,Alpha,api,baja,12.45,12.39,401,0,69.4,11.8,success
3485,Beta,ui,alta,0.5,1.83,75,0,68.2,8.79,success
3486,Alpha,api,baja,3.66,5.53,35,0,67.1,9.44,success
3487,Beta,auth,baja,6.13,5.7,51,0,46.2,8.06,success
3488,Delta,api,critica,1.6,6.38,72,0,92.1,3.62,success
3489,Beta,infra,baja,2.38,0.7,78,0,64.3,8.5,success
3490,Gamma,api,alta,4.31,3.87,99,0,86.2,11.05,success
3491,Alpha,auth,media,1.63,0.3,67,0,,5.73,success
3492,Gamma,ui,alta,6.04,7.15,19,0,83.1,12.43,success
3493,Beta,infra,media,0.8,4.77,49,0,81.0,7.43,success
3494,Gamma,infra,baja,3.59,5.84,115,0,86.7,12.06,success
3495,Delta,ui,alta,0.67,1.59,36,0,90.8,4.23,success
3496,Gamma,api,alta,9.22,3.31,122,0,92.1,4.02,success
3497,Alpha,ui,baja,3.47,3.37,69,0,87.8,5.25,success
3498,Beta,db,alta,9.63,5.58,55,0,94.8,10.98,success
3499,Alpha,infra,media,8.77,9.07,195,0,,7.42,success
3500,Beta,db,critica,5.9,3.97,14,0,50.6,7.05,success
3501,Alpha,api,alta,2.23,1.72,36,0,62.6,5.74,success
3502,Gamma,auth,baja,4.73,9.77,202,0,86.4,8.09,success
3503,Beta,ui,alta,12.28,10.87,346,0,77.4,3.0,success
3504,Alpha,auth,critica,15.89,13.72,522,0,88.4,5.68,success
3505,Alpha,auth,alta,0.5,0.52,70,0,20.8,8.41,success
3506,Delta,api,baja,8.23,3.69,101,0,90.2,4.61,success
3507,Delta,ui,alta,6.27,7.93,139,0,60.1,4.55,success
3508,Delta,infra,media,6.09,8.88,210,0,87.7,4.75,success
3509,Alpha,db,baja,5.62,1.66,88,0,66.6,9.37,success
3510,Beta,infra,alta,6.73,4.24,153,0,48.8,7.07,success
3511,Delta,db,media,9.48,4.9,101,0,61.6,8.82,success
3512,Gamma,db,alta,6.74,6.75,107,0,63.9,5.79,success
3513,Alpha,auth,media,2.46,5.69,29,0,72.5,3.55,success
3514,Alpha,ui,baja,5.31,3.77,50,0,62.3,8.48,success
3515,Beta,auth,critica,3.15,2.46,42,0,91.9,2.15,success
3516,Delta,auth,media,3.27,0.3,23,0,77.4,7.9,success
3517,Alpha,auth,media,5.65,2.5,15,0,68.2,3.99,success
3518,Delta,db,media,0.5,5.57,46,0,43.1,4.43,success
3519,Gamma,db,baja,0.54,3.06,53,0,68.1,11.52,rolled_back
3520,Delta,infra,media,2.87,5.54,73,0,39.7,6.13,rolled_back
3521,Delta,infra,media,4.44,3.25,110,0,35.8,6.22,success
3522,Beta,infra,critica,7.84,5.52,79,0,94.7,,success
3523,Delta,auth,critica,0.5,1.85,53,0,77.4,7.99,success
3524,Alpha,infra,alta,2.79,3.98,29,0,63.4,6.56,success
3525,Beta,db,baja,4.76,7.8,147,0,89.9,8.42,success
3526,Alpha,infra,alta,8.27,4.78,61,0,79.6,3.29,success
3527,Alpha,auth,baja,5.66,4.55,45,0,50.5,7.87,success
3528,Alpha,auth,alta,4.3,2.1,56,0,90.5,17.52,success
3529,Alpha,infra,media,5.55,0.3,34,0,42.7,4.9,success
3530,Alpha,auth,critica,0.5,4.1,41,0,63.7,8.37,success
3531,Beta,api,media,9.28,11.44,40,0,62.8,3.32,success
3532,Alpha,api,baja,1.33,4.21,51,0,78.7,9.91,failed
3533,Alpha,auth,critica,8.88,7.4,120,0,71.8,5.81,success
3534,Delta,auth,media,6.62,10.11,96,0,32.9,5.89,success
3535,Alpha,infra,alta,10.73,9.09,268,0,92.4,6.53,success
3536,Alpha,infra,critica,11.11,10.17,198,0,64.0,5.71,success
3537,Alpha,infra,media,16.24,11.6,388,0,75.2,7.49,success
3538,Alpha,api,media,5.58,5.58,110,0,89.3,5.49,success
3539,Gamma,auth,media,3.78,3.44,109,0,76.4,5.25,success
3540,Delta,api,alta,3.68,5.79,43,0,64.8,3.8,success
3541,Gamma,api,critica,5.84,2.28,140,0,92.8,2.0,success
3542,Gamma,auth,baja,4.36,5.16,37,0,49.9,7.39,success
3543,Alpha,db,alta,5.2,2.49,18,0,42.3,8.62,success
3544,Delta,infra,baja,11.37,9.6,263,1,63.2,11.97,success
3545,Alpha,ui,media,3.14,9.37,22,0,81.7,4.19,success
3546,Gamma,api,alta,2.66,4.85,99,0,79.7,3.84,success
3547,Beta,api,alta,3.87,6.76,30,0,91.5,5.7,success
3548,Delta,auth,media,2.16,5.05,184,0,75.3,6.59,success
3549,Beta,api,media,5.85,0.3,208,0,85.2,4.58,success
3550,Gamma,ui,baja,7.35,5.58,107,0,72.7,7.43,success
3551,Beta,api,baja,10.81,9.11,205,0,55.9,7.03,success
3552,Gamma,ui,media,3.94,0.3,67,0,70.8,7.88,success
3553,Delta,db,alta,17.57,11.33,498,1,25.9,13.28,success
3554,Gamma,auth,media,7.24,5.65,131,0,72.3,5.11,success
3555,Beta,auth,baja,4.94,1.39,30,0,63.8,6.04,success
3556,Beta,auth,alta,3.53,1.19,71,0,48.6,5.66,success
3557,Gamma,auth,baja,0.5,5.14,58,0,75.5,8.31,success
3558,Beta,ui,baja,4.75,0.3,53,1,51.2,14.87,success
3559,Alpha,db,critica,7.56,6.71,15,0,84.1,1.86,success
3560,Beta,infra,baja,2.05,5.64,94,0,27.8,15.88,success
3561,Alpha,ui,media,2.24,2.78,19,1,81.5,9.6,success
3562,Alpha,api,media,1.2,5.74,7,0,57.3,4.94,success
3563,Beta,auth,baja,10.71,6.86,49,0,83.5,5.39,success
3564,Delta,api,baja,0.5,0.3,34,0,79.6,6.4,success
3565,Delta,api,baja,2.42,2.93,31,0,68.0,4.97,success
3566,Beta,infra,baja,1.03,1.16,4,0,64.4,11.32,success
3567,Beta,api,alta,0.5,0.37,31,0,64.4,4.98,success
3568,Alpha,auth,media,0.5,1.35,57,0,68.3,4.85,success
3569,Delta,api,media,4.93,2.48,38,0,41.4,9.21,success
3570,Alpha,auth,media,6.7,3.43,95,0,71.5,5.73,success
3571,Delta,infra,critica,7.25,3.05,234,0,72.6,3.04,success
3572,Delta,auth,baja,9.63,8.32,106,0,47.1,13.64,success
3573,Gamma,auth,alta,0.5,0.3,168,0,50.9,4.37,success
3574,Beta,auth,baja,3.65,0.58,181,0,69.2,4.62,success
3575,Delta,db,critica,0.5,0.3,27,0,72.2,4.42,success
3576,Gamma,ui,baja,4.94,4.98,99,0,57.3,7.12,success
3577,Gamma,ui,baja,5.3,6.35,163,0,66.9,6.1,success
3578,Delta,api,media,2.72,5.01,45,0,85.0,4.66,success
3579,Delta,auth,baja,4.52,4.75,33,0,56.5,7.63,success
3580,Alpha,infra,alta,9.01,8.24,107,0,85.1,4.4,success
3581,Delta,auth,media,5.07,4.41,18,0,90.5,5.59,success
3582,Delta,auth,media,2.93,4.4,25,0,39.7,6.98,success
3583,Alpha,ui,baja,2.9,4.34,37,0,92.8,6.68,success
3584,Beta,auth,alta,8.3,4.66,100,0,65.4,4.1,success
3585,Delta,auth,baja,10.38,5.04,81,0,85.3,9.33,success
3586,Alpha,db,critica,8.74,10.12,169,0,52.9,3.5,success
3587,Beta,api,alta,1.4,2.65,29,0,56.0,4.0,success
3588,Gamma,auth,media,3.75,6.38,28,0,76.4,3.97,success
3589,Gamma,api,alta,7.26,3.11,107,0,90.3,3.62,success
3590,Delta,db,media,1.21,1.21,32,0,76.8,4.13,success
3591,Alpha,auth,media,5.43,1.32,39,0,55.7,3.9,success
3592,Beta,auth,baja,3.18,5.02,13,0,73.9,5.88,success
3593,Delta,ui,media,8.29,4.94,87,0,94.9,7.06,success
3594,Gamma,ui,media,6.56,4.05,267,1,69.2,10.13,success
3595,Alpha,infra,baja,0.5,6.69,26,0,79.6,6.64,success
3596,Beta,api,alta,5.83,6.66,167,0,87.4,6.52,success
3597,Beta,auth,baja,3.96,5.51,63,0,54.1,6.23,success
3598,Gamma,ui,media,0.5,0.3,14,0,91.1,6.86,success
3599,Beta,ui,baja,1.07,0.3,30,0,57.1,9.19,success
3600,Gamma,auth,media,7.37,8.35,28,0,38.4,3.43,success
3601,Beta,ui,alta,5.1,0.3,50,0,73.4,5.2,success
3602,Gamma,auth,baja,5.4,3.49,97,0,77.6,8.45,success
3603,Alpha,db,media,9.81,5.36,352,0,83.2,7.04,success
3604,Gamma,db,media,6.95,3.36,18,0,92.9,6.23,success
3605,Delta,api,alta,1.97,1.58,43,0,88.1,4.22,success
3606,Alpha,infra,baja,3.15,0.75,30,0,,6.88,success
3607,Beta,infra,alta,3.85,0.77,21,0,82.6,9.54,success
3608,Gamma,auth,media,4.79,5.01,73,0,53.2,3.56,success
3609,Gamma,api,media,85.67591344961326,9.73,67,0,59.0,4.75,success
3610,Gamma,ui,media,4.42,0.3,13,0,79.1,6.12,success
3611,Gamma,auth,media,5.23,5.13,68,0,95.1,3.92,success
3612,Gamma,api,media,2.38,4.28,23,0,46.4,5.54,success
3613,Gamma,api,baja,5.53,5.93,67,0,75.5,9.38,success
3614,Alpha,infra,media,7.72,5.58,209,0,57.5,7.61,success
3615,Delta,api,media,5.63,3.39,101,0,72.1,6.08,success
3616,Beta,db,media,3.31,5.38,78,0,46.3,6.52,success
3617,Alpha,api,baja,1.93,3.5,41,0,85.7,4.41,success
3618,Beta,auth,media,1.38,0.3,71,0,80.5,4.21,success
3619,Beta,infra,media,4.52,3.66,111,0,75.2,4.91,success
3620,Alpha,auth,media,4.15,4.13,101,0,72.3,5.39,success
3621,Delta,auth,critica,9.61,4.53,61,0,73.8,6.54,success
3622,Alpha,api,media,7.02,5.1,81,0,87.6,12.78,success
3623,Beta,ui,media,2.2,4.05,20,0,92.2,5.65,success
3624,Beta,api,baja,1.75,0.48,34,0,65.3,6.76,success
3625,Delta,auth,critica,7.72,6.71,126,0,46.5,4.26,success
3626,Gamma,api,baja,13.12,6.9,142,0,59.5,5.84,success
3627,Delta,auth,media,6.71,2.43,73,0,49.3,11.07,success
3628,Alpha,auth,baja,5.07,6.08,252,0,87.6,5.67,success
3629,Delta,ui,baja,7.88,9.16,105,0,92.4,5.73,success
3630,Delta,auth,alta,6.91,2.69,54,0,44.8,4.1,success
3631,Beta,api,baja,9.26,9.44,22,0,67.2,13.06,success
3632,Gamma,ui,baja,8.41,6.51,243,0,39.2,8.42,success
3633,Alpha,db,baja,6.35,0.3,133,0,96.8,7.23,success
3634,Delta,api,critica,13.5,6.01,336,0,,3.64,success
3635,Delta,api,alta,13.66,11.22,469,1,86.0,7.78,success
3636,Beta,auth,critica,0.5,0.3,21,0,81.5,2.43,success
3637,Gamma,infra,alta,4.04,2.38,21,0,32.7,2.47,success
3638,Beta,auth,critica,0.5,1.6,5,0,55.0,6.89,success
3639,Alpha,auth,media,3.12,4.49,152,0,64.7,4.02,success
3640,Gamma,api,baja,8.48,7.05,120,0,64.4,12.04,success
3641,Gamma,auth,baja,5.95,8.99,73,0,76.8,8.52,success
3642,Delta,auth,baja,6.61,3.43,22,0,71.3,6.85,success
3643,Delta,auth,alta,5.32,4.94,62,0,58.9,6.15,success
3644,Beta,ui,baja,4.4,5.27,79,0,67.2,7.54,success
3645,Delta,ui,baja,10.12,9.35,135,0,65.8,7.12,success
3646,Gamma,ui,media,3.06,5.96,85,0,71.4,6.11,success
3647,Gamma,db,baja,4.45,3.08,121,0,68.5,9.95,success
3648,Gamma,api,baja,3.57,5.27,60,0,21.8,8.33,success
3649,Delta,infra,baja,9.21,4.71,193,0,77.0,6.97,success
3650,Gamma,db,media,5.3,4.49,118,0,73.1,8.07,success
3651,Alpha,db,baja,0.5,3.05,23,0,71.8,12.68,success
3652,Alpha,db,baja,8.29,8.91,233,0,89.3,6.93,success
3653,Beta,api,baja,7.94,7.69,201,0,72.6,5.96,success
3654,Gamma,api,alta,5.44,4.99,101,0,82.3,7.43,success
3655,Gamma,api,baja,2.99,3.1,86,0,80.7,6.96,success
3656,Beta,auth,baja,12.43,10.33,297,0,83.4,10.69,success
3657,Gamma,api,critica,0.5,7.27,15,0,79.9,2.42,success
3658,Delta,auth,alta,9.43,9.29,204,0,96.7,4.25,success
3659,Beta,auth,baja,8.67,7.66,43,0,89.6,14.49,success
3660,Beta,infra,baja,5.55,1.41,179,0,50.3,6.28,success
3661,Gamma,ui,baja,4.42,2.04,74,0,78.8,10.84,success
3662,Beta,ui,alta,1.92,1.84,22,0,87.5,3.8,success
3663,Delta,api,baja,2.56,5.31,43,0,48.4,9.26,success
3664,Delta,ui,critica,3.76,1.41,167,0,41.3,2.64,success
3665,Gamma,infra,alta,10.68,9.51,55,0,67.4,7.53,success
3666,Beta,ui,media,4.3,4.38,38,0,71.3,5.49,success
3667,Gamma,ui,baja,0.77,2.85,38,0,67.7,6.34,success
3668,Alpha,api,alta,3.52,3.07,119,0,84.3,4.64,success
3669,Beta,api,alta,11.84,7.11,322,0,70.1,5.24,success
3670,Alpha,ui,alta,0.5,0.3,10,0,97.2,5.67,success
3671,Alpha,infra,baja,29.62,20.8,829,1,36.4,10.91,success
3672,Alpha,api,alta,3.06,3.14,80,0,73.8,5.96,success
3673,Gamma,api,alta,6.73,2.84,112,0,83.0,2.98,success
3674,Alpha,api,critica,4.49,4.75,45,0,98.7,7.19,success
3675,Gamma,api,media,7.39,14.49,66,0,69.9,7.07,success
3676,Beta,infra,media,5.85,4.51,79,0,68.5,7.06,success
3677,Beta,db,media,5.01,8.64,26,0,63.5,8.39,success
3678,Delta,api,alta,6.18,0.3,32,0,92.3,6.27,success
3679,Gamma,api,critica,6.65,4.81,194,0,73.6,9.93,success
3680,Gamma,api,media,10.07,9.93,16,0,57.1,4.46,success
3681,Gamma,auth,baja,6.22,5.27,99,0,,5.27,success
3682,Alpha,ui,baja,3.37,1.92,48,0,96.6,13.12,success
3683,Alpha,db,media,0.65,1.82,28,0,85.5,7.18,success
3684,Gamma,ui,alta,13.06,11.8,393,0,58.2,6.61,success
3685,Delta,auth,baja,4.11,9.32,28,0,75.3,5.54,success
3686,Alpha,db,media,2.97,5.95,24,0,,7.34,success
3687,Alpha,db,critica,8.45,5.31,56,0,81.6,4.08,success
3688,Delta,api,media,1.76,1.97,33,0,92.2,8.01,success
3689,Delta,ui,baja,6.16,4.63,67,0,76.1,7.46,success
3690,Alpha,ui,media,1.37,0.3,77,0,73.4,5.87,success
3691,Beta,db,media,11.01,7.72,82,0,92.5,6.29,success
3692,Gamma,auth,baja,0.5,1.12,60,0,78.7,6.13,success
3693,Alpha,auth,media,8.46,3.57,35,0,72.7,5.28,success
3694,Beta,api,media,5.16,6.69,119,0,80.5,9.85,success
3695,Beta,auth,media,0.5,2.85,60,0,18.8,7.41,success
3696,Gamma,api,media,8.06,4.73,43,0,88.8,5.74,success
3697,Beta,db,baja,9.84,7.77,253,0,57.4,8.59,success
3698,Beta,auth,baja,2.44,0.55,60,0,91.0,8.13,success
3699,Beta,api,baja,9.27,5.68,178,0,93.1,6.53,success
3700,Delta,infra,baja,10.13,9.3,201,0,74.9,6.13,success
3701,Alpha,ui,alta,9.44,8.34,212,0,76.2,4.37,success
3702,Alpha,api,baja,8.68,5.43,124,0,62.7,10.36,success
3703,Alpha,ui,media,4.67,5.08,67,0,72.4,5.72,success
3704,Delta,auth,baja,5.94,4.88,63,0,57.0,10.93,success
3705,Delta,auth,baja,1.97,0.3,54,0,69.4,6.32,success
3706,Gamma,ui,baja,4.97,4.06,9,0,74.3,5.95,success
3707,Alpha,api,media,4.46,5.26,127,0,83.0,5.84,rolled_back
3708,Delta,api,media,0.94,2.83,83,0,54.2,6.75,success
3709,Beta,auth,alta,5.58,0.62,140,0,52.6,5.4,success
3710,Delta,db,baja,2.93,3.67,60,0,49.6,8.3,success
3711,Beta,auth,media,8.41,6.61,121,0,85.2,7.19,success
3712,Delta,db,alta,0.5,0.3,19,0,88.5,6.96,success
3713,Delta,api,baja,6.14,3.16,23,0,71.2,5.58,success
3714,Alpha,ui,baja,0.58,3.08,7,0,87.2,,success
3715,Gamma,auth,baja,0.5,5.26,59,0,86.5,7.64,success
3716,Beta,auth,baja,0.5,0.3,33,0,74.3,,success
3717,Beta,ui,alta,1.98,5.14,30,0,82.9,4.96,success
3718,Beta,ui,media,6.03,0.42,90,0,93.5,6.13,success
3719,Gamma,auth,media,2.88,6.72,45,0,83.8,5.62,success
3720,Beta,api,alta,0.5,1.2,18,0,57.5,4.41,success
3721,Gamma,api,media,19.02,11.13,659,0,52.0,4.63,success
3722,Gamma,auth,media,0.5,2.69,65,0,88.3,5.69,success
3723,Delta,ui,baja,3.57,1.24,25,0,89.8,6.43,success
3724,Delta,auth,media,2.79,4.46,36,0,32.2,8.2,success
3725,Alpha,ui,baja,5.31,4.38,57,0,77.1,8.71,success
3726,Delta,auth,baja,0.5,0.3,57,0,86.1,5.56,success
3727,Alpha,api,baja,7.06,3.71,215,0,65.0,12.23,success
3728,Gamma,api,alta,11.02,8.59,62,0,90.8,4.39,success
3729,Beta,api,media,14.54,12.89,354,1,80.3,8.04,success
3730,Gamma,api,alta,2.3,3.71,45,0,89.6,4.18,success
3731,Gamma,infra,baja,1.46,5.0,98,1,84.9,10.7,success
3732,Delta,api,critica,10.51,5.57,167,0,74.0,2.22,success
3733,Beta,db,baja,12.48,10.81,196,0,93.0,18.26,success
3734,Delta,auth,alta,4.88,6.29,217,0,25.2,7.14,success
3735,Beta,api,alta,0.5,0.3,52,0,,3.35,success
3736,Alpha,auth,media,4.71,7.07,66,0,84.2,3.72,success
3737,Beta,api,media,3.33,4.32,7,0,89.4,5.85,success
3738,Gamma,ui,alta,5.38,4.02,56,0,78.3,2.72,success
3739,Gamma,db,alta,13.85,9.06,178,0,80.1,4.85,success
3740,Delta,ui,baja,3.4,0.94,149,0,55.7,8.15,success
3741,Alpha,ui,alta,3.96,5.45,62,0,72.9,6.25,success
3742,Beta,auth,baja,13.4,10.3,308,0,68.9,5.44,success
3743,Delta,auth,media,5.65,6.35,47,0,42.6,6.57,success
3744,Beta,db,media,1.11,2.36,35,0,92.2,9.01,success
3745,Alpha,auth,alta,1.73,3.05,44,0,92.9,4.45,success
3746,Delta,auth,media,1.27,1.52,24,0,75.9,4.19,success
3747,Beta,infra,baja,10.62,10.56,117,0,40.9,6.47,success
3748,Delta,infra,media,1.49,3.91,86,0,66.0,4.38,success
3749,Delta,ui,baja,4.43,4.59,115,0,72.8,20.91,success
3750,Delta,api,media,5.83,4.66,46,0,42.7,,success
3751,Gamma,db,media,0.5,0.3,63,0,67.7,7.6,success
3752,Delta,auth,alta,3.08,0.3,9,0,71.6,2.82,success
3753,Delta,api,baja,0.5,0.88,94,0,94.9,6.66,success
3754,Beta,api,baja,4.77,7.53,73,0,88.9,6.37,success
3755,Alpha,infra,media,2.89,1.47,25,0,33.4,4.84,success
3756,Beta,infra,baja,4.32,2.43,61,0,99.1,10.74,success
3757,Gamma,ui,baja,0.52,0.3,53,0,81.4,16.29,success
3758,Gamma,auth,media,12.58,5.82,326,0,62.8,4.84,success
3759,Alpha,api,media,2.68,0.82,26,0,82.8,3.43,success
3760,Gamma,auth,baja,9.29,7.77,90,0,60.2,6.11,success
3761,Alpha,infra,media,4.41,2.92,25,0,37.8,9.33,success
3762,Gamma,auth,alta,0.5,0.46,40,0,47.5,7.45,success
3763,Gamma,auth,media,1.64,0.92,86,0,52.1,6.11,success
3764,Gamma,db,baja,1.47,2.97,55,1,80.3,14.37,success
3765,Beta,api,baja,4.52,5.19,66,0,40.4,6.53,success
3766,Beta,db,baja,4.19,0.3,90,0,82.1,5.98,success
3767,Gamma,auth,media,2.68,1.21,43,0,84.4,4.5,success
3768,Gamma,db,media,16.38,11.1,148,0,76.5,5.99,success
3769,Delta,auth,baja,1.91,3.74,51,0,,6.16,success
3770,Beta,auth,baja,8.0,6.62,61,0,60.7,5.48,success
3771,Beta,api,baja,4.32,6.15,92,0,68.8,7.62,success
3772,Beta,auth,baja,0.5,0.3,82,0,,6.34,success
3773,Gamma,ui,critica,6.25,6.29,119,0,80.1,7.68,success
3774,Alpha,auth,baja,7.59,11.18,89,0,88.2,8.1,success
3775,Beta,auth,baja,6.96,5.8,102,0,98.5,14.0,success
3776,Alpha,db,media,4.17,4.22,50,0,69.5,7.21,success
3777,Gamma,auth,baja,2.83,4.5,25,0,53.9,7.01,success
3778,Delta,ui,baja,0.98,0.72,18,0,88.1,9.99,success
3779,Delta,db,media,5.28,2.3,15,0,68.9,12.04,rolled_back
3780,Beta,auth,baja,10.48,7.93,326,0,55.7,4.8,success
3781,Alpha,db,baja,0.6,0.3,9,0,74.3,10.04,success
3782,Alpha,api,media,8.92,7.84,195,0,80.3,5.98,success
3783,Alpha,api,media,2.18,4.22,32,0,84.8,7.26,success
3784,Delta,auth,baja,11.86,4.61,194,0,40.6,13.73,success
3785,Delta,db,alta,3.75,4.16,9,0,75.9,5.27,success
3786,Gamma,ui,baja,0.87,1.48,54,0,85.6,5.4,success
3787,Alpha,ui,critica,6.42,9.05,247,0,62.4,2.02,success
3788,Alpha,infra,critica,4.31,7.36,127,0,76.5,10.53,success
3789,Delta,api,media,10.85,10.11,49,0,81.2,6.89,success
3790,Beta,infra,baja,1.65,5.52,12,0,65.1,7.38,success
3791,Alpha,db,alta,4.58,3.33,20,0,61.7,10.72,success
3792,Alpha,infra,media,5.58,5.5,233,0,67.5,4.69,success
3793,Beta,infra,baja,0.5,1.17,49,0,64.5,5.89,success
3794,Gamma,infra,media,3.22,0.94,63,0,55.3,13.59,success
3795,Delta,auth,media,9.95,7.68,86,0,,4.47,success
3796,Beta,db,alta,0.5,1.59,21,0,87.0,3.11,success
3797,Gamma,db,alta,2.66,2.59,96,0,79.2,12.58,success
3798,Alpha,ui,alta,5.73,4.79,46,0,,7.77,success
3799,Alpha,api,alta,8.76,6.91,87,0,53.6,5.08,success
3800,Alpha,infra,media,4.34,6.32,40,0,64.0,17.01,success
3801,Delta,auth,media,4.61,2.8,16,0,32.3,5.08,success
3802,Gamma,api,critica,0.5,0.3,45,0,58.4,6.05,success
3803,Delta,ui,critica,1.39,4.03,119,0,56.9,5.66,success
3804,Alpha,auth,alta,1.86,4.76,95,0,86.4,10.86,success
3805,Alpha,db,alta,1.79,3.47,69,0,68.5,3.76,success
3806,Delta,auth,media,7.21,2.98,150,0,82.2,13.48,success
3807,Alpha,ui,baja,0.5,1.47,56,0,60.0,17.22,success
3808,Alpha,db,alta,4.75,5.06,70,0,77.1,9.81,success
3809,Gamma,api,baja,2.18,0.3,43,0,60.0,6.04,success
3810,Gamma,db,baja,4.75,2.44,158,0,69.1,7.98,success
3811,Alpha,auth,media,6.92,5.29,87,0,79.8,7.44,success
3812,Beta,db,media,0.5,4.76,40,0,,7.33,success
3813,Gamma,infra,media,7.58,6.61,17,0,85.2,3.79,success
3814,Beta,auth,baja,9.89,6.0,180,0,90.8,9.52,success
3815,Beta,ui,baja,0.5,1.3,34,0,74.5,8.2,success
3816,Alpha,ui,baja,7.27,4.2,71,0,86.2,7.06,success
3817,Beta,ui,baja,15.3,9.65,554,0,58.7,7.27,success
3818,Delta,db,baja,10.19,9.42,137,0,85.9,18.56,success
3819,Gamma,api,media,11.7,3.72,284,0,73.7,,success
3820,Delta,ui,baja,0.5,5.09,41,0,81.8,4.87,success
3821,Alpha,auth,media,3.87,9.29,175,0,73.7,5.89,success
3822,Alpha,api,baja,2.98,3.69,68,0,77.8,11.04,success
3823,Gamma,infra,media,7.85,4.13,93,0,62.5,10.92,success
3824,Alpha,auth,alta,13.88,12.74,411,0,66.4,6.34,success
3825,Gamma,ui,baja,2.87,3.92,52,0,57.9,5.48,success
3826,Delta,auth,baja,4.17,2.69,68,0,74.7,5.36,success
3827,Beta,db,media,0.5,0.3,30,0,72.4,8.24,success
3828,Gamma,ui,baja,9.35,6.1,148,0,86.3,6.62,success
3829,Gamma,api,alta,7.93,6.74,40,0,39.8,3.59,success
3830,Alpha,auth,critica,9.07,9.18,167,0,94.0,1.44,success
3831,Delta,api,media,1.11,2.88,15,0,31.8,3.88,success
3832,Alpha,infra,critica,2.96,4.41,109,0,41.2,5.12,success
3833,Delta,ui,media,0.5,0.97,37,0,,5.71,success
3834,Gamma,api,media,1.87,4.76,129,0,78.9,11.48,success
3835,Alpha,db,baja,9.89,6.92,66,0,22.7,5.26,success
3836,Gamma,api,baja,2.95,7.86,41,0,60.0,6.04,success
3837,Alpha,api,baja,5.77,3.33,47,0,81.4,6.34,success
3838,Gamma,api,media,5.93,6.05,31,0,84.9,6.64,success
3839,Delta,auth,media,6.71,11.0,142,0,48.6,5.15,success
3840,Delta,db,baja,0.5,4.4,26,0,94.5,5.85,success
3841,Delta,infra,media,5.2,6.48,52,0,61.8,7.32,success
3842,Beta,infra,baja,1.48,3.13,91,0,40.5,7.69,success
3843,Gamma,infra,baja,12.68,9.24,285,0,76.0,10.01,success
3844,Beta,api,baja,0.87,1.59,66,0,84.1,6.86,success
3845,Delta,api,media,2.24,1.44,54,0,64.1,10.39,success
3846,Beta,ui,media,3.24,0.3,85,0,54.3,4.51,success
3847,Delta,infra,alta,6.72,7.13,10,0,72.2,7.33,success
3848,Beta,db,baja,0.5,0.3,23,0,91.2,10.41,success
3849,Gamma,api,media,11.67,10.13,48,0,,3.3,success
3850,Alpha,ui,critica,0.95,1.3,35,0,77.7,6.51,success
3851,Gamma,db,baja,2.04,0.34,16,0,83.3,7.16,success
3852,Alpha,infra,media,7.4,9.45,144,0,80.9,6.7,success
3853,Alpha,db,baja,5.37,1.1,84,0,,12.55,success
3854,Beta,api,baja,6.81,3.92,76,0,,7.39,success
3855,Beta,api,media,4.91,3.01,36,0,,4.42,failed
3856,Gamma,api,baja,11.35,8.68,72,0,83.6,9.22,success
3857,Beta,api,media,7.37,4.39,106,0,77.5,5.79,success
3858,Alpha,infra,critica,3.28,7.12,53,0,58.1,4.44,success
3859,Beta,ui,baja,3.31,0.3,99,0,72.3,7.2,success
3860,Beta,api,baja,1.25,12.46,33,0,90.0,9.85,success
3861,Gamma,api,alta,8.75,4.1,73,0,57.6,6.39,success
3862,Gamma,ui,media,13.77,17.15,186,0,90.0,6.28,success
3863,Alpha,ui,alta,10.68,10.64,202,0,74.0,6.18,success
3864,Gamma,auth,baja,0.5,1.52,220,0,77.6,5.67,success
3865,Gamma,infra,media,0.5,2.37,86,0,77.2,8.33,success
3866,Delta,api,critica,4.05,2.98,69,0,87.1,5.57,success
3867,Gamma,api,baja,2.76,4.02,45,0,77.3,13.31,success
3868,Delta,auth,alta,22.09301895447867,1.13,13,0,83.5,4.12,success
3869,Alpha,ui,media,5.87,6.79,20,0,69.2,5.06,success
3870,Gamma,db,alta,7.95,6.72,57,0,71.3,5.94,success
3871,Alpha,infra,baja,4.26,1.58,60,0,64.1,7.38,success
3872,Alpha,auth,media,5.16,5.66,238,0,82.6,4.42,success
3873,Delta,infra,baja,4.66,5.21,218,0,87.1,5.38,success
3874,Beta,db,critica,3.28,1.68,36,0,61.4,8.34,success
3875,Gamma,api,baja,7.64,5.01,139,0,40.2,6.04,success
3876,Gamma,auth,baja,0.5,3.08,43,0,73.6,6.87,success
3877,Gamma,api,alta,8.02,9.04,123,1,86.9,5.99,success
3878,Alpha,infra,baja,1.57,2.09,138,0,97.1,17.29,success
3879,Alpha,api,media,1.17,4.53,204,0,65.3,4.94,success
3880,Alpha,api,baja,1.01,5.02,43,0,88.1,7.13,success
3881,Delta,db,media,11.32,11.55,166,0,70.3,3.77,success
3882,Alpha,infra,baja,6.33,6.34,12,0,77.9,7.88,success
3883,Gamma,ui,media,2.79,0.92,214,0,48.5,13.82,success
3884,Beta,db,media,0.5,4.03,65,0,61.7,4.21,success
3885,Alpha,auth,baja,5.97,4.6,66,0,60.6,8.01,success
3886,Beta,infra,baja,1.01,3.37,11,0,60.0,6.51,success
3887,Alpha,api,baja,6.97,4.11,47,0,39.4,7.5,success
3888,Alpha,auth,alta,10.72,6.43,226,0,83.4,4.57,success
3889,Alpha,infra,baja,5.74,3.19,45,0,84.9,5.23,success
3890,Delta,auth,baja,3.21,0.3,127,0,89.1,8.26,success
3891,Gamma,auth,baja,5.64,3.42,69,0,82.8,10.13,success
3892,Delta,ui,media,13.59,7.07,174,0,56.1,5.39,success
3893,Beta,api,alta,4.8,5.8,79,0,75.5,9.19,success
3894,Alpha,auth,media,2.75,0.49,29,0,61.5,10.16,success
3895,Gamma,ui,alta,2.56,1.36,70,0,89.1,8.04,success
3896,Delta,db,media,5.4,4.75,282,0,91.3,4.36,success
3897,Gamma,db,alta,1.24,6.78,104,0,48.9,,success
3898,Alpha,auth,alta,1.47,0.65,60,0,51.5,6.68,success
3899,Beta,ui,baja,12.31,5.43,508,0,68.5,5.8,success
3900,Delta,db,critica,2.8,0.3,189,0,91.1,3.41,success
3901,Gamma,auth,alta,0.5,0.3,139,0,79.3,5.43,success
3902,Delta,auth,media,2.2,1.18,89,0,87.6,5.13,success
3903,Gamma,auth,baja,8.25,12.21,129,0,68.0,7.16,success
3904,Alpha,ui,baja,5.13,6.99,132,0,62.4,13.56,success
3905,Delta,auth,media,1.28,1.48,9,0,82.2,4.7,success
3906,Delta,db,media,7.27,10.49,95,0,67.3,4.66,success
3907,Gamma,infra,media,9.7,5.79,58,0,40.6,9.78,success
3908,Delta,auth,media,10.47,6.75,43,0,81.7,6.47,success
3909,Alpha,ui,media,4.06,2.76,56,0,49.9,6.78,success
3910,Delta,auth,baja,1.59,5.02,16,0,78.9,6.9,success
3911,Alpha,auth,baja,1.31,2.11,13,0,39.7,6.92,success
3912,Delta,db,baja,10.02,11.28,205,0,81.1,7.26,success
3913,Alpha,api,alta,4.62,5.36,101,0,93.6,5.89,success
3914,Gamma,infra,media,1.7,4.79,8,0,65.1,8.89,success
3915,Delta,ui,critica,2.93,0.3,40,0,61.3,2.67,success
3916,Alpha,auth,alta,3.95,0.3,147,0,76.1,3.89,success
3917,Alpha,api,alta,0.5,0.3,52,0,66.9,8.97,success
3918,Delta,auth,media,6.01,4.04,204,0,77.8,6.59,success
3919,Alpha,infra,alta,10.96,4.23,172,0,97.0,4.57,success
3920,Gamma,ui,critica,7.58,9.15,20,0,69.3,5.37,success
3921,Delta,api,alta,6.74,5.05,59,0,39.2,4.27,success
3922,Gamma,ui,baja,1.61,4.0,45,0,73.3,10.8,success
3923,Beta,ui,media,0.5,0.57,19,0,49.7,4.91,success
3924,Beta,db,baja,7.41,8.01,18,0,56.9,6.31,success
3925,Gamma,auth,baja,0.5,0.3,32,0,61.4,6.61,success
3926,Gamma,auth,media,3.25,3.33,37,0,90.4,7.59,success
3927,Gamma,auth,alta,10.54,9.08,86,0,73.5,9.22,success
3928,Alpha,api,baja,7.45,7.43,171,0,79.4,9.15,success
3929,Gamma,api,baja,4.14,3.19,106,0,82.8,10.1,success
3930,Gamma,auth,alta,10.02,3.23,131,0,62.7,2.91,success
3931,Gamma,api,baja,3.81,6.31,52,0,65.3,4.98,success
3932,Alpha,api,baja,5.96,4.1,115,0,48.0,5.23,success
3933,Gamma,auth,alta,9.09,6.19,58,0,75.0,5.23,success
3934,Gamma,infra,alta,0.5,7.35,45,0,80.6,4.38,success
3935,Alpha,ui,media,13.98,10.13,368,0,47.0,4.09,success
3936,Delta,api,media,0.5,0.5,8,0,79.9,3.11,success
3937,Gamma,ui,baja,1.63,1.03,12,0,62.2,9.02,success
3938,Beta,api,baja,5.16,6.21,94,0,48.5,12.16,success
3939,Gamma,infra,alta,1.21,0.3,53,0,69.9,8.14,success
3940,Gamma,ui,alta,3.35,4.79,18,0,71.8,5.1,success
3941,Gamma,api,baja,4.14,6.74,26,0,70.5,8.07,success
3942,Beta,infra,baja,3.48,3.37,29,0,93.1,6.12,success
3943,Delta,db,baja,6.82,8.06,149,0,50.5,7.46,success
3944,Delta,db,baja,7.6,5.89,199,0,45.5,7.28,success
3945,Alpha,auth,baja,10.5,6.08,292,0,55.9,8.6,success
3946,Gamma,auth,baja,2.76,0.3,16,0,86.4,6.01,success
3947,Alpha,ui,alta,0.5,2.49,19,0,96.7,14.99,success
3948,Beta,api,baja,6.35,6.05,18,0,38.1,5.38,success
3949,Delta,ui,media,8.1,8.81,213,0,85.0,6.84,success
3950,Alpha,db,media,3.86,6.03,97,0,66.7,8.32,success
3951,Beta,api,alta,5.35,9.88,72,0,48.5,3.37,success
3952,Alpha,api,critica,4.16,2.54,82,0,95.8,1.89,success
3953,Gamma,api,media,8.28,7.36,63,0,80.2,8.38,success
3954,Beta,api,baja,5.4,3.02,24,0,85.3,17.25,success
3955,Gamma,ui,alta,5.51,7.13,106,0,80.7,2.6,success
3956,Delta,db,baja,6.64,3.17,56,0,89.7,17.18,failed
3957,Gamma,api,baja,3.52,5.9,23,0,54.8,9.74,success
3958,Gamma,db,baja,1.29,0.43,112,0,73.7,7.4,success
3959,Alpha,ui,alta,5.67,6.82,45,0,56.2,8.16,success
3960,Alpha,db,baja,0.5,4.82,82,0,60.3,11.52,success
3961,Delta,auth,media,0.5,0.3,60,0,69.0,5.83,success
3962,Delta,db,media,8.67,3.33,149,0,58.1,18.55,success
3963,Gamma,db,media,6.0,5.69,81,0,58.3,15.72,success
3964,Beta,api,baja,4.03,4.24,30,0,29.6,6.23,success
3965,Alpha,ui,alta,8.29,5.74,89,0,40.2,6.24,success
3966,Delta,infra,alta,4.68,3.12,92,0,49.3,3.33,success
3967,Delta,auth,media,3.99,1.76,106,0,34.0,3.94,success
3968,Alpha,db,media,9.15,7.82,169,0,48.3,5.57,success
3969,Gamma,infra,alta,0.62,0.3,38,0,76.0,6.12,success
3970,Gamma,infra,alta,4.82,5.31,122,0,86.4,3.68,success
3971,Beta,api,media,3.18,1.97,14,0,86.8,8.93,success
3972,Delta,ui,baja,4.85,3.35,60,1,71.0,14.09,success
3973,Alpha,infra,baja,2.69,6.15,52,0,55.8,7.64,success
3974,Beta,ui,baja,7.88,8.61,245,0,81.9,5.96,success
3975,Alpha,auth,baja,0.82,0.3,58,0,71.4,6.13,success
3976,Gamma,auth,baja,2.67,0.92,115,0,87.8,6.88,success
3977,Gamma,db,baja,8.84,8.75,14,0,56.9,6.25,success
3978,Delta,api,alta,2.63,0.3,49,0,68.4,4.54,success
3979,Gamma,auth,alta,3.6,7.29,31,0,76.0,3.88,success
3980,Alpha,api,alta,16.68,11.85,619,1,78.9,9.5,success
3981,Beta,db,media,10.8,6.53,37,0,87.9,4.12,success
3982,Alpha,api,media,1.88,2.65,71,0,75.7,9.51,success
3983,Gamma,infra,baja,0.5,5.2,75,0,73.3,6.36,success
3984,Gamma,db,media,2.26,0.3,16,0,50.4,7.74,success
3985,Delta,infra,baja,0.5,4.37,42,0,85.5,7.56,success
3986,Beta,infra,media,5.97,8.07,96,0,62.4,3.97,success
3987,Beta,api,critica,0.5,1.0,72,1,93.2,9.03,success
3988,Alpha,ui,alta,5.21,4.45,8,0,79.4,12.09,success
3989,Beta,auth,baja,6.02,5.45,40,0,59.1,7.1,success
3990,Beta,infra,alta,6.65,7.32,167,0,40.5,2.69,success
3991,Delta,api,baja,0.5,0.3,113,0,77.3,8.58,success
3992,Delta,ui,baja,5.43,4.72,200,0,77.3,7.71,success
3993,Alpha,db,baja,2.97,3.03,27,0,85.1,5.82,success
3994,Beta,auth,baja,4.7,6.02,211,0,69.6,7.74,success
3995,Gamma,db,media,0.5,8.49,64,0,94.1,11.12,success
3996,Beta,auth,media,13.52,7.78,279,0,87.5,10.08,success
3997,Alpha,api,baja,4.41,4.34,67,0,96.1,6.75,success
3998,Delta,api,critica,2.72,1.23,11,0,62.5,3.71,success
3999,Gamma,api,media,8.15,5.17,143,0,79.0,4.51,success
4000,Gamma,ui,media,2.77,0.47,45,0,69.9,5.59,success
4001,Beta,infra,media,3.26,0.3,48,0,55.7,6.9,success
4002,Delta,api,media,3.98,6.85,18,0,52.7,6.78,success
4003,Alpha,ui,media,12.72,10.02,287,0,57.1,7.19,success
4004,Beta,infra,media,4.75,4.58,42,0,82.3,7.16,success
4005,Delta,db,alta,14.86,8.23,275,0,54.1,3.9,success
4006,Delta,auth,baja,3.43,3.37,45,0,61.0,10.36,success
4007,Beta,infra,media,0.5,0.3,29,0,84.3,9.94,success
4008,Gamma,auth,baja,12.41,8.88,219,0,90.9,7.69,success
4009,Alpha,ui,alta,3.22,4.27,62,0,40.8,17.94,success
4010,Alpha,ui,baja,1.88,1.27,63,0,88.4,8.74,success
4011,Beta,db,baja,4.77,2.47,21,0,77.2,,success
4012,Delta,auth,critica,4.49,2.96,44,0,67.3,3.9,success
4013,Gamma,auth,media,0.5,3.84,98,0,64.1,5.56,success
4014,Beta,db,baja,4.64,4.79,21,0,60.6,,success
4015,Beta,auth,baja,8.85,2.79,41,0,95.5,7.0,success
4016,Alpha,api,media,4.22,5.84,46,0,60.7,8.99,success
4017,Beta,db,critica,3.36,4.87,71,0,56.3,7.93,success
4018,Alpha,ui,media,5.24,5.11,253,0,46.6,13.49,failed
4019,Alpha,auth,baja,8.88,10.94,51,0,95.0,8.97,success
4020,Gamma,api,media,1.26,2.32,36,0,80.7,8.63,success
4021,Alpha,infra,media,22.03,15.79,790,1,80.2,9.08,success
4022,Alpha,api,baja,3.64,4.86,45,0,68.2,9.36,success
4023,Gamma,auth,alta,7.24,8.04,56,1,47.9,9.36,success
4024,Beta,auth,baja,7.15,5.23,48,0,80.2,6.78,success
4025,Beta,api,alta,1.54,0.81,52,0,75.0,12.86,success
4026,Alpha,infra,alta,3.9,6.27,72,0,90.9,3.23,success
4027,Alpha,api,baja,6.59,7.76,153,0,88.1,7.76,success
4028,Beta,auth,alta,7.81,9.37,96,0,52.9,10.22,success
4029,Gamma,ui,alta,9.37,8.16,176,0,90.3,3.72,success
4030,Beta,auth,media,7.94,2.14,171,0,75.8,,success
4031,Gamma,api,media,7.63,6.49,80,0,78.9,8.82,success
4032,Gamma,infra,baja,0.5,1.88,94,0,40.8,10.02,success
4033,Beta,db,baja,8.69,9.79,181,1,63.0,12.86,success
4034,Beta,auth,alta,3.41,6.19,25,0,71.0,6.29,success
4035,Beta,api,baja,20.81,15.52,632,0,78.3,7.74,success
4036,Alpha,auth,baja,2.61,0.3,42,0,61.2,10.48,success
4037,Gamma,auth,media,3.94,1.8,49,0,97.4,9.46,success
4038,Gamma,ui,baja,0.65,0.98,22,0,67.2,12.87,success
4039,Beta,ui,alta,10.87,7.17,23,0,67.7,10.72,success
4040,Beta,db,alta,10.88,8.45,160,0,90.5,6.41,success
4041,Beta,infra,alta,20.7,17.62,514,0,83.2,3.45,success
4042,Gamma,auth,baja,1.33,4.25,40,0,60.7,6.09,success
4043,Delta,infra,media,1.71,0.3,91,0,80.6,5.14,success
4044,Alpha,ui,alta,3.88,1.76,81,0,61.3,5.24,success
4045,Beta,api,media,7.26,3.56,164,0,91.3,6.74,success
4046,Alpha,db,media,12.95,8.98,491,0,74.1,4.57,success
4047,Beta,auth,media,11.3,10.29,262,0,78.5,3.52,success
4048,Alpha,ui,baja,6.44,7.77,54,0,44.0,9.13,success
4049,Beta,db,baja,0.5,0.86,107,0,83.2,7.56,success
4050,Beta,api,media,2.81,3.11,117,0,61.0,14.23,success
4051,Beta,infra,baja,7.63,10.26,65,0,73.4,6.27,success
4052,Beta,auth,alta,3.87,0.3,25,0,77.6,12.1,success
4053,Delta,db,media,0.5,3.39,32,1,93.8,8.67,success
4054,Delta,auth,baja,9.93,8.78,187,0,81.9,7.44,success
4055,Alpha,auth,alta,6.63,4.74,206,0,77.1,5.61,success
4056,Beta,api,media,2.94,3.22,55,0,92.3,3.87,success
4057,Delta,infra,baja,0.92,3.1,84,0,36.3,8.27,success
4058,Gamma,auth,critica,7.94,5.53,196,0,40.3,3.07,success
4059,Alpha,infra,alta,5.08,2.95,14,0,35.0,9.47,success
4060,Gamma,auth,media,1.66,0.71,45,0,82.7,8.72,success
4061,Alpha,api,alta,15.98,15.74,410,1,82.5,9.43,success
4062,Alpha,api,media,4.48,3.09,87,0,100.0,5.25,success
4063,Gamma,auth,media,6.53,5.92,24,0,55.6,4.23,success
4064,Gamma,infra,baja,2.59,5.02,74,0,86.0,13.86,success
4065,Delta,api,baja,11.92,8.12,167,0,88.1,13.34,success
4066,Beta,ui,media,4.25,4.14,7,1,80.6,9.19,success
4067,Delta,ui,media,5.11,5.82,78,0,49.3,9.41,success
4068,Beta,ui,alta,4.28,1.95,48,0,62.7,3.7,success
4069,Gamma,ui,media,0.81,0.3,15,0,77.0,4.9,success
4070,Alpha,infra,media,2.78,1.34,72,0,95.0,6.37,success
4071,Alpha,ui,alta,4.45,8.49,59,0,96.9,6.77,success
4072,Delta,ui,critica,0.5,0.36,65,0,59.9,2.36,success
4073,Delta,ui,baja,1.57,2.77,49,0,68.9,4.74,success
4074,Delta,ui,critica,0.5,0.3,27,0,97.3,3.01,success
4075,Beta,api,alta,4.26,7.41,18,0,50.2,5.21,success
4076,Alpha,ui,baja,4.61,3.51,36,0,70.1,5.29,success
4077,Delta,api,baja,10.35,6.57,145,0,55.8,6.59,success
4078,Gamma,db,baja,3.28,3.13,82,0,51.0,6.65,success
4079,Alpha,infra,media,1.78,8.85,63,0,86.0,15.7,success
4080,Delta,infra,media,0.5,2.9,26,0,61.0,7.76,success
4081,Delta,db,media,4.3,3.69,48,0,79.9,6.93,success
4082,Beta,ui,alta,10.06,0.33,129,0,71.2,4.81,success
4083,Delta,db,baja,4.91,7.83,105,0,59.8,12.83,success
4084,Delta,auth,media,3.37,1.78,43,0,83.9,4.22,success
4085,Gamma,api,alta,2.16,0.66,6,0,68.4,7.46,success
4086,Gamma,api,critica,3.98,1.98,36,0,50.3,10.18,success
4087,Beta,auth,alta,6.28,8.93,43,0,92.4,8.19,success
4088,Delta,infra,baja,8.93,6.75,29,0,88.4,6.17,success
4089,Delta,infra,baja,4.95,0.66,46,0,89.0,5.31,success
4090,Delta,ui,baja,7.95,5.76,139,0,68.8,10.51,success
4091,Gamma,api,media,3.08,1.27,64,0,84.6,8.45,success
4092,Alpha,ui,baja,6.61,6.36,163,0,93.5,11.33,success
4093,Beta,api,critica,2.15,1.82,17,0,67.9,6.99,success
4094,Beta,db,media,2.43,0.3,51,0,78.8,10.52,success
4095,Delta,infra,media,2.76,2.95,12,0,77.4,5.69,success
4096,Gamma,api,baja,5.56,4.69,45,0,72.2,7.79,success
4097,Gamma,auth,media,3.0,0.3,26,0,66.8,4.32,success
4098,Alpha,api,media,7.6,1.16,211,0,35.2,4.07,success
4099,Delta,auth,alta,5.28,5.37,96,0,89.4,6.57,success
4100,Beta,api,baja,4.1,3.26,166,0,73.2,6.36,success
4101,Alpha,auth,alta,5.45,4.23,45,0,87.2,11.29,success
4102,Delta,auth,baja,1.51,4.27,27,0,64.8,9.6,success
4103,Alpha,api,baja,0.5,0.3,26,0,51.4,8.02,success
4104,Alpha,auth,critica,5.75,5.1,85,0,37.3,2.04,success
4105,Alpha,db,baja,13.53,11.27,340,0,68.2,5.73,success
4106,Beta,auth,baja,2.33,2.44,97,0,89.4,6.11,success
4107,Alpha,infra,media,5.07,1.0,48,0,86.1,5.56,success
4108,Delta,auth,media,5.68,3.26,56,0,83.7,9.61,success
4109,Gamma,auth,baja,10.92,6.92,65,0,67.1,5.21,success
4110,Beta,auth,baja,135.1815836869376,5.76,413,3,53.4,33.57,success
4111,Alpha,db,baja,7.92,7.18,202,0,68.5,10.14,success
4112,Beta,api,media,2.7,3.13,84,0,75.7,4.36,success
4113,Alpha,ui,baja,5.51,3.2,74,0,78.7,12.95,success
4114,Delta,auth,alta,4.6,6.72,87,0,75.1,7.43,success
4115,Beta,infra,alta,8.08,5.04,104,0,57.8,4.2,success
4116,Beta,auth,baja,2.08,6.45,46,0,82.7,10.21,success
4117,Alpha,api,baja,4.16,3.32,31,0,75.0,5.63,success
4118,Alpha,infra,baja,6.45,2.98,169,0,40.6,7.82,success
4119,Alpha,auth,baja,0.5,0.3,68,0,77.7,9.22,success
4120,Alpha,api,baja,8.35,6.74,157,0,70.1,5.69,success
4121,Gamma,db,alta,4.62,1.6,293,0,83.4,6.06,success
4122,Delta,api,baja,4.71,4.69,107,0,30.9,8.85,success
4123,Delta,auth,media,4.31,3.08,92,0,55.8,5.52,success
4124,Beta,api,media,37.61,23.01,1188,2,95.6,12.95,success
4125,Delta,auth,alta,4.55,4.13,80,0,40.9,5.82,success
4126,Gamma,infra,baja,2.88,5.74,25,0,59.7,7.04,success
4127,Alpha,ui,baja,4.51,2.85,52,0,90.3,13.9,success
4128,Alpha,ui,critica,9.79,7.83,269,0,68.3,6.28,success
4129,Gamma,auth,baja,11.86,9.73,21,0,74.2,7.1,success
4130,Beta,ui,media,1.99,0.3,34,0,85.2,6.39,success
4131,Alpha,ui,media,4.24,5.35,181,0,80.2,5.05,success
4132,Delta,auth,media,0.5,3.84,52,0,77.2,10.34,success
4133,Gamma,infra,baja,6.12,7.59,60,0,64.1,9.6,success
4134,Gamma,ui,baja,1.63,0.3,175,0,88.3,14.36,success
4135,Delta,db,media,0.5,0.3,35,0,88.2,6.95,success
4136,Delta,api,media,0.5,1.66,18,0,55.1,6.0,success
4137,Delta,auth,alta,4.01,3.63,19,0,85.4,6.15,success
4138,Beta,db,alta,9.38,7.18,113,0,86.3,11.99,success
4139,Delta,db,critica,1.54,1.53,84,0,75.8,3.68,success
4140,Gamma,api,critica,4.57,4.71,36,0,73.5,3.45,success
4141,Gamma,auth,alta,0.5,0.3,24,0,77.8,4.82,success
4142,Delta,db,baja,1.21,3.87,52,0,85.3,6.22,success
4143,Alpha,auth,media,9.03,10.6,182,0,76.1,7.26,success
4144,Beta,api,media,1.99,1.31,31,0,83.9,5.52,success
4145,Alpha,ui,media,5.7,5.43,37,0,71.9,11.41,success
4146,Beta,auth,baja,0.5,6.0,23,0,49.2,5.53,failed
4147,Beta,auth,media,1.24,2.33,48,0,58.2,8.49,success
4148,Delta,auth,baja,6.13,5.94,90,0,41.5,11.88,success
4149,Delta,infra,baja,16.8,16.18,447,0,78.2,5.49,success
4150,Beta,api,alta,5.98,10.18,81,0,53.5,7.0,success
4151,Beta,ui,media,4.54,1.57,64,0,68.5,9.73,success
4152,Gamma,infra,media,2.31,1.86,145,0,51.5,3.81,success
4153,Delta,ui,media,3.29,5.71,125,0,83.1,4.74,success
4154,Delta,ui,media,10.51,9.05,40,0,81.2,10.34,success
4155,Alpha,ui,baja,14.58,12.01,529,1,64.0,17.16,success
4156,Alpha,api,media,0.5,0.3,65,0,87.7,6.29,success
4157,Gamma,ui,baja,6.86,0.73,82,0,57.0,8.25,success
4158,Beta,infra,media,2.12,7.23,110,0,58.4,8.32,success
4159,Alpha,db,baja,9.41,9.08,91,0,57.2,10.77,success
4160,Alpha,api,critica,17.02,12.6,263,0,72.0,4.99,success
4161,Beta,api,alta,2.45,0.3,39,0,77.4,8.67,success
4162,Beta,infra,media,6.98,4.65,135,0,73.3,3.51,success
4163,Gamma,auth,baja,0.5,3.22,77,0,80.1,7.17,success
4164,Alpha,db,media,9.52,3.75,161,0,84.2,8.23,success
4165,Gamma,api,alta,0.5,0.3,55,0,87.0,6.55,success
4166,Gamma,db,media,0.5,2.74,49,0,81.2,11.92,success
4167,Beta,db,alta,6.23,6.71,129,0,88.4,3.83,success
4168,Alpha,api,alta,6.19,3.91,92,0,79.8,3.71,success
4169,Gamma,auth,media,0.5,4.26,32,0,58.3,12.65,success
4170,Gamma,db,media,6.81,7.96,224,0,77.2,3.92,success
4171,Beta,api,media,0.89,0.3,129,0,71.2,8.9,success
4172,Beta,api,media,2.91,7.34,62,0,84.2,8.49,success
4173,Gamma,ui,media,0.5,4.72,44,0,90.3,5.38,success
4174,Beta,api,alta,2.88,3.74,93,0,85.3,11.56,success
4175,Beta,ui,baja,7.58,5.7,121,0,82.1,7.63,success
4176,Beta,auth,baja,3.32,5.47,16,0,52.7,7.88,success
4177,Beta,api,baja,6.5,6.73,94,0,55.9,5.96,success
4178,Gamma,infra,critica,5.14,3.91,120,0,57.4,3.17,success
4179,Beta,auth,media,4.39,8.15,8,0,58.4,4.53,success
4180,Beta,api,media,4.29,0.3,80,0,93.6,7.97,success
4181,Gamma,ui,media,4.02,2.25,125,0,86.2,7.83,success
4182,Beta,infra,media,7.07,6.86,112,0,,3.49,success
4183,Alpha,ui,alta,5.01,4.38,137,0,88.0,9.18,success
4184,Delta,db,critica,2.46,4.72,50,0,79.9,4.34,success
4185,Alpha,auth,alta,5.57,1.36,26,0,65.6,2.98,success
4186,Gamma,api,alta,5.83,4.36,13,0,75.8,11.14,success
4187,Beta,infra,baja,6.45,8.25,178,0,66.0,6.89,success
4188,Alpha,infra,baja,8.06,2.6,126,0,74.3,6.87,success
4189,Alpha,ui,media,4.4,3.54,191,0,94.9,6.32,success
4190,Delta,api,media,2.13,1.45,35,0,35.1,9.66,success
4191,Beta,api,baja,3.85,4.72,137,0,92.5,6.55,success
4192,Beta,auth,alta,2.5,3.98,17,0,66.7,10.07,success
4193,Gamma,infra,baja,5.49,5.04,30,0,76.5,5.73,success
4194,Alpha,db,baja,5.7,4.2,75,0,,6.75,success
4195,Gamma,api,baja,7.11,5.92,121,0,69.0,4.55,success
4196,Beta,api,alta,11.47,7.97,302,0,72.5,4.83,success
4197,Gamma,api,alta,3.06,3.25,54,0,74.7,3.18,success
4198,Alpha,auth,media,6.06,8.78,31,0,76.1,4.26,success
4199,Delta,db,alta,0.5,0.3,29,0,78.1,3.23,success
4200,Alpha,ui,alta,1.34,3.16,36,0,77.6,5.51,success
4201,Gamma,auth,media,18.21,10.07,492,2,48.4,14.33,success
4202,Gamma,ui,alta,11.35,13.2,132,0,74.4,7.89,success
4203,Beta,infra,baja,6.42,5.57,182,0,88.5,6.82,success
4204,Alpha,auth,media,2.94,0.3,54,0,79.6,8.05,success
4205,Beta,api,baja,0.5,1.22,67,0,39.1,7.91,success
4206,Delta,api,media,4.04,0.3,125,0,74.1,,success
4207,Delta,auth,media,5.5,3.22,42,0,47.4,9.85,success
4208,Delta,ui,baja,8.52,8.15,51,0,82.8,6.08,success
4209,Alpha,ui,media,2.31,6.29,36,0,62.9,3.75,success
4210,Gamma,auth,media,0.53,4.52,45,0,77.7,3.39,success
4211,Alpha,auth,media,4.28,3.81,70,0,62.9,5.28,success
4212,Gamma,infra,baja,0.5,3.23,32,0,47.3,7.16,success
4213,Beta,api,baja,8.29,8.5,86,0,57.5,7.2,success
4214,Gamma,ui,media,0.5,7.42,86,0,67.9,3.35,success
4215,Gamma,ui,alta,4.82,2.88,57,0,75.1,6.51,success
4216,Delta,db,alta,3.9,7.61,32,0,95.5,4.69,success
4217,Beta,db,baja,6.07,2.41,73,0,87.2,9.75,success
4218,Beta,db,alta,4.03,6.87,42,0,93.0,5.49,success
4219,Gamma,ui,media,4.11,2.41,70,0,42.0,7.92,success
4220,Alpha,api,critica,8.49,4.88,179,0,78.2,2.17,success
4221,Alpha,api,baja,4.84,3.69,22,0,61.0,9.76,success
4222,Gamma,api,media,22.5,13.06,472,0,89.8,7.17,failed
4223,Delta,api,media,0.5,2.87,62,0,56.3,4.93,success
4224,Gamma,auth,baja,0.5,4.87,97,0,56.8,13.09,success
4225,Delta,api,baja,0.5,0.3,34,0,39.4,17.41,success
4226,Alpha,api,baja,2.85,2.77,186,0,86.4,6.17,success
4227,Beta,auth,media,0.5,0.3,60,0,57.0,8.87,success
4228,Gamma,api,media,0.5,4.06,47,0,86.7,6.22,success
4229,Beta,db,alta,1.95,6.22,40,0,84.7,6.88,success
4230,Alpha,ui,baja,5.79,4.54,52,0,66.6,8.11,success
4231,Alpha,db,alta,6.54,3.67,97,0,84.6,7.84,success
4232,Delta,ui,media,2.38,0.3,78,0,68.8,3.48,success
4233,Gamma,infra,critica,2.03,7.59,64,0,87.0,5.87,success
4234,Beta,db,baja,9.08,10.25,35,0,93.4,8.27,success
4235,Beta,auth,alta,4.77,0.3,33,0,63.0,5.61,success
4236,Alpha,infra,critica,3.77,5.4,44,0,33.1,8.65,success
4237,Delta,auth,alta,5.41,1.97,101,0,,3.4,success
4238,Alpha,ui,alta,4.88,3.16,121,0,61.9,7.63,success
4239,Delta,db,media,12.44,5.84,137,0,77.5,4.79,success
4240,Alpha,api,alta,3.51,0.3,67,0,84.3,4.34,success
4241,Beta,ui,media,5.27,4.55,94,0,81.1,4.97,success
4242,Beta,api,media,0.5,6.54,57,0,65.8,6.47,success
4243,Delta,auth,critica,0.5,0.3,14,0,62.8,6.8,success
4244,Alpha,auth,baja,2.21,5.05,55,0,76.4,7.44,success
4245,Beta,auth,media,4.9,7.06,48,0,80.5,9.25,success
4246,Beta,auth,critica,0.5,3.6,26,0,32.9,3.68,success
4247,Beta,ui,baja,3.34,8.5,40,0,74.7,5.03,success
4248,Alpha,ui,baja,2.67,5.49,75,0,67.7,8.08,success
4249,Delta,api,baja,0.5,6.31,24,0,93.9,7.02,success
4250,Beta,ui,alta,0.5,0.3,35,0,85.1,10.85,success
4251,Beta,auth,alta,9.55,9.09,269,0,95.3,3.55,success
4252,Beta,api,baja,2.79,6.95,16,0,90.7,8.57,success
4253,Delta,db,media,3.1,1.43,57,0,89.9,6.25,success
4254,Beta,infra,media,0.5,0.3,23,0,43.5,3.9,success
4255,Beta,api,media,2.61,0.3,34,0,76.3,3.62,success
4256,Beta,auth,media,2.71,1.31,56,0,52.8,3.67,success
4257,Beta,db,critica,0.5,3.2,27,0,59.5,6.79,success
4258,Alpha,infra,baja,5.58,3.43,112,0,71.7,7.38,success
4259,Gamma,api,baja,15.14,10.59,225,0,80.6,9.04,success
4260,Alpha,auth,media,5.87,3.51,142,0,88.9,8.01,success
4261,Alpha,auth,media,3.23,3.12,168,1,76.2,16.71,success
4262,Alpha,ui,media,6.4,5.17,19,0,80.0,9.52,success
4263,Beta,infra,baja,7.39,4.35,54,0,70.2,7.36,success
4264,Delta,ui,baja,9.58,9.3,102,0,91.7,8.81,success
4265,Gamma,api,critica,6.23,8.69,146,0,84.8,2.38,success
4266,Delta,ui,baja,9.22,4.16,323,0,53.8,5.18,success
4267,Beta,db,media,4.57,4.79,175,0,68.9,5.87,success
4268,Delta,api,alta,10.07,3.97,149,0,62.1,3.97,success
4269,Alpha,db,baja,27.61,13.68,714,1,55.6,13.14,success
4270,Gamma,api,baja,0.94,4.66,73,0,58.9,6.46,success
4271,Delta,api,media,0.5,6.82,51,0,75.2,9.18,success
4272,Gamma,ui,media,4.28,3.25,78,0,82.1,7.53,success
4273,Delta,api,baja,0.5,6.38,29,0,78.6,6.16,success
4274,Beta,infra,media,2.01,1.09,71,0,79.9,8.05,success
4275,Alpha,ui,baja,1.8,1.99,14,0,67.3,5.41,success
4276,Delta,api,baja,4.52,8.38,41,0,81.1,7.3,success
4277,Alpha,api,baja,1.76,0.3,60,0,83.2,10.48,success
4278,Delta,ui,baja,7.14,8.08,157,0,76.6,4.69,success
4279,Gamma,api,media,6.98,4.82,181,0,81.4,10.67,failed
4280,Delta,db,critica,0.5,0.3,28,0,95.7,3.54,success
4281,Beta,api,baja,16.59,10.18,432,0,41.1,10.56,success
4282,Delta,api,media,2.86,0.3,76,0,81.0,5.35,success
4283,Alpha,ui,media,1.19,5.37,83,0,92.6,3.74,success
4284,Beta,auth,media,0.5,2.37,16,0,89.4,5.05,success
4285,Alpha,ui,media,3.67,3.33,38,0,32.7,10.2,success
4286,Delta,ui,baja,7.31,4.15,172,0,86.3,7.87,success
4287,Gamma,api,media,65.69499913920343,6.25,78,0,59.1,9.46,success
4288,Delta,db,baja,5.57,7.05,73,0,69.4,6.6,success
4289,Delta,db,alta,0.76,1.27,82,0,78.2,3.75,success
4290,Beta,db,baja,0.5,4.21,18,0,74.3,10.39,success
4291,Alpha,api,alta,4.15,4.68,61,0,69.1,5.25,success
4292,Delta,api,media,11.1,7.93,237,0,58.6,7.11,success
4293,Beta,db,media,6.7,7.8,177,0,89.9,7.35,success
4294,Alpha,ui,baja,5.52,3.54,60,0,83.9,4.65,success
4295,Delta,ui,media,7.0,2.57,272,0,52.4,8.19,success
4296,Delta,ui,alta,1.54,2.29,21,0,69.2,3.33,success
4297,Beta,db,media,0.5,1.89,28,0,54.1,3.62,success
4298,Delta,auth,baja,14.91,9.89,357,0,85.7,6.33,success
4299,Alpha,ui,baja,2.99,6.27,112,0,86.4,6.98,success
4300,Alpha,auth,baja,8.9,8.09,51,0,58.1,12.43,success
4301,Beta,api,alta,2.38,2.64,63,0,40.7,7.5,success
4302,Gamma,ui,media,5.78,4.95,32,0,72.6,3.58,success
4303,Alpha,api,alta,3.3,3.68,86,1,80.9,8.98,success
4304,Alpha,api,alta,7.89,7.55,80,0,79.8,5.22,success
4305,Gamma,infra,media,8.63,6.81,68,0,44.5,4.42,success
4306,Delta,db,media,1.67,2.12,23,1,88.8,11.99,success
4307,Gamma,ui,media,5.52,1.48,85,0,78.5,11.2,success
4308,Delta,infra,media,7.25,4.08,41,0,94.0,6.36,success
4309,Delta,api,baja,3.77,4.45,27,0,72.4,6.58,success
4310,Gamma,db,alta,5.02,4.98,209,0,66.2,5.6,success
4311,Gamma,auth,critica,16.35,7.6,470,0,66.9,5.29,success
4312,Delta,api,media,11.13,6.77,383,0,83.0,14.29,success
4313,Beta,api,critica,6.05,2.81,120,0,54.9,2.98,success
4314,Alpha,auth,critica,1.54,5.84,53,0,83.5,3.04,success
4315,Delta,ui,media,5.07,5.17,63,0,89.1,9.08,success
4316,Beta,auth,alta,0.5,2.88,96,0,68.5,4.3,success
4317,Delta,ui,media,0.5,1.63,46,0,71.4,3.42,success
4318,Beta,auth,baja,6.19,3.65,219,0,89.1,,success
4319,Delta,auth,baja,1.82,1.48,11,0,84.5,12.17,success
4320,Alpha,infra,media,0.5,3.03,51,0,33.8,4.05,success
4321,Gamma,ui,alta,2.99,2.64,137,0,51.9,5.47,success
4322,Beta,infra,baja,5.26,5.91,31,0,51.0,4.8,success
4323,Beta,api,alta,6.31,5.64,54,0,88.5,7.81,success
4324,Beta,auth,media,0.5,2.54,114,0,96.3,8.53,success
4325,Delta,ui,media,8.01,7.17,262,0,60.7,6.18,success
4326,Beta,ui,baja,6.45,4.05,21,0,85.1,10.91,success
4327,Delta,auth,media,3.79,3.0,19,0,55.0,3.68,success
4328,Beta,infra,baja,4.06,6.21,28,0,76.1,8.02,success
4329,Alpha,ui,baja,3.98,8.45,17,0,87.1,4.62,success
4330,Delta,db,baja,0.5,4.09,18,0,69.7,5.59,success
4331,Alpha,api,baja,3.4,0.3,28,0,90.3,,success
4332,Beta,ui,baja,9.48,5.29,202,0,71.5,13.3,success
4333,Delta,api,media,3.84,4.09,50,0,77.4,9.52,success
4334,Delta,infra,media,2.83,0.45,69,0,79.1,3.46,success
4335,Delta,api,baja,2.69,0.3,28,0,83.1,8.2,success
4336,Beta,auth,alta,2.12,1.73,118,0,62.1,2.57,success
4337,Delta,auth,media,14.77,11.23,361,0,65.5,8.2,success
4338,Beta,ui,critica,0.5,3.34,30,0,65.3,7.23,success
4339,Gamma,infra,media,8.57,5.72,315,0,80.5,8.25,success
4340,Gamma,infra,baja,7.2,4.71,93,0,72.0,8.19,success
4341,Alpha,db,critica,4.8,2.27,68,0,94.3,3.97,success
4342,Beta,infra,alta,3.43,4.83,96,0,94.9,5.9,success
4343,Beta,db,media,0.5,2.9,95,0,83.2,4.44,success
4344,Beta,api,media,12.51,11.27,355,0,64.3,7.01,success
4345,Beta,ui,media,3.32,3.82,107,0,61.4,5.45,success
4346,Gamma,auth,media,6.97,2.4,109,0,85.3,3.6,success
4347,Alpha,auth,alta,2.03,1.85,46,0,74.3,3.33,success
4348,Alpha,api,media,1.69,4.66,142,0,89.2,9.01,success
4349,Delta,auth,baja,0.5,0.3,28,0,60.8,4.87,success
4350,Beta,infra,baja,2.94,3.05,74,0,66.0,7.76,success
4351,Gamma,infra,baja,29.17,19.71,893,1,44.6,12.12,success
4352,Gamma,api,baja,0.5,6.81,7,0,59.0,5.42,success
4353,Gamma,db,media,1.78,1.07,82,0,81.8,9.82,success
4354,Beta,api,alta,6.93,5.35,85,0,67.6,9.73,success
4355,Beta,auth,baja,6.95,9.89,54,0,27.1,4.95,success
4356,Delta,api,baja,4.52,2.74,55,0,64.1,7.83,success
4357,Delta,auth,baja,3.26,6.14,72,0,77.9,6.81,success
4358,Beta,api,media,1.73,3.52,53,0,73.0,6.52,success
4359,Gamma,auth,media,6.33,4.75,81,0,46.4,18.84,success
4360,Delta,auth,media,2.29,4.0,43,0,51.3,5.34,success
4361,Alpha,auth,critica,16.76,11.19,412,0,95.8,2.82,success
4362,Delta,infra,critica,6.66,11.14,53,0,27.9,4.17,success
4363,Beta,auth,alta,6.56,0.3,111,0,56.4,,success
4364,Delta,api,alta,1.54,1.72,37,0,40.4,4.34,success
4365,Gamma,ui,media,5.14,3.95,154,0,80.9,17.95,success
4366,Delta,api,media,0.68,1.57,129,0,46.4,4.52,success
4367,Alpha,ui,media,4.77,7.06,97,0,73.0,8.28,success
4368,Alpha,auth,alta,2.56,1.92,26,0,37.4,10.77,success
4369,Delta,ui,baja,0.5,3.03,34,0,56.0,4.41,success
4370,Gamma,ui,baja,19.46,13.75,304,0,63.7,8.69,success
4371,Gamma,ui,baja,4.98,6.58,34,0,34.7,5.79,success
4372,Alpha,ui,media,3.38,3.19,119,0,66.4,4.24,success
4373,Alpha,api,media,8.2,7.23,28,0,90.9,5.78,success
4374,Delta,api,baja,5.38,4.42,165,0,63.7,12.47,success
4375,Beta,auth,media,5.57,2.38,36,0,67.1,9.21,success
4376,Gamma,ui,media,3.15,7.39,28,0,61.1,3.59,success
4377,Beta,auth,alta,1.66,0.59,35,0,95.4,8.28,success
4378,Beta,api,baja,2.22,1.64,41,0,81.3,5.76,success
4379,Alpha,ui,baja,8.63,4.54,96,0,63.4,11.55,success
4380,Delta,auth,media,6.9,6.65,71,0,84.7,3.34,success
4381,Delta,auth,media,2.36,1.72,25,0,87.4,7.75,success
4382,Alpha,ui,alta,0.5,5.59,65,0,63.5,3.48,success
4383,Beta,api,media,3.63,5.01,24,0,76.1,9.14,success
4384,Gamma,db,critica,1.17,1.51,119,0,80.4,11.01,success
4385,Beta,infra,baja,7.82,3.92,140,0,67.6,7.02,success
4386,Gamma,infra,media,1.43,2.08,65,0,78.3,4.97,success
4387,Beta,api,critica,2.72,4.43,85,0,56.6,3.7,success
4388,Alpha,api,baja,10.03,7.4,323,0,78.1,7.22,success
4389,Beta,ui,alta,6.8,5.23,58,0,83.6,6.74,success
4390,Gamma,ui,baja,0.5,0.3,29,0,61.9,4.86,success
4391,Alpha,ui,media,7.28,11.48,112,0,,4.09,success
4392,Delta,api,baja,3.8,3.28,24,0,82.8,7.65,success
4393,Alpha,auth,media,3.46,0.3,55,0,45.6,6.09,success
4394,Alpha,auth,alta,2.0,0.3,39,0,65.3,3.12,success
4395,Gamma,auth,baja,4.77,3.5,35,0,85.4,11.31,success
4396,Gamma,auth,baja,2.04,7.59,53,0,52.2,5.95,success
4397,Beta,infra,baja,5.15,4.16,150,0,40.2,15.42,success
4398,Beta,auth,baja,7.59,5.12,180,0,83.7,8.71,success
4399,Alpha,ui,media,11.08,10.26,153,0,60.6,8.79,success
4400,Gamma,infra,critica,0.5,4.09,90,0,68.6,5.01,success
4401,Beta,api,baja,5.09,6.2,53,0,93.9,6.18,success
4402,Alpha,ui,media,1.87,3.12,8,0,50.6,6.71,success
4403,Beta,ui,media,4.13,1.22,93,0,62.4,5.71,success
4404,Delta,api,baja,0.5,0.3,9,0,80.5,5.01,success
4405,Beta,api,baja,0.5,0.3,12,0,45.9,5.03,success
4406,Delta,db,alta,4.81,3.83,58,0,60.2,4.45,success
4407,Beta,db,media,0.74,0.88,85,0,86.6,7.73,success
4408,Alpha,db,alta,5.97,3.76,44,0,64.0,4.45,success
4409,Beta,infra,media,6.93,6.36,266,0,82.8,5.41,success
4410,Beta,api,media,6.68,3.87,101,0,76.8,7.85,success
4411,Alpha,db,alta,2.09,1.9,53,0,88.6,4.42,success
4412,Gamma,ui,alta,6.76,4.34,232,0,82.0,16.27,success
4413,Beta,ui,critica,7.45,5.89,273,0,54.5,2.95,success
4414,Gamma,db,baja,6.72,6.44,106,0,72.6,10.29,success
4415,Beta,db,critica,5.14,1.22,33,0,76.8,4.63,success
4416,Beta,infra,alta,2.28,4.0,41,0,41.5,22.45,success
4417,Beta,api,alta,4.31,4.75,18,0,67.8,4.28,success
4418,Alpha,ui,media,3.95,4.92,64,0,,8.41,success
4419,Gamma,api,critica,0.5,2.13,26,0,82.1,4.26,success
4420,Alpha,ui,media,4.49,5.1,50,0,90.2,3.29,success
4421,Gamma,db,alta,3.46,2.54,84,0,74.2,5.4,success
4422,Delta,db,media,0.5,2.91,11,0,75.8,5.17,success
4423,Delta,api,alta,1.4,5.2,21,0,42.5,6.06,success
4424,Beta,ui,alta,0.5,0.56,42,0,60.1,3.76,success
4425,Beta,api,baja,0.5,0.65,64,0,92.8,4.38,success
4426,Delta,auth,baja,2.5,4.58,43,0,70.1,13.51,success
4427,Beta,api,media,3.33,2.11,52,0,49.6,4.86,success
4428,Beta,infra,alta,0.54,0.3,35,0,81.0,8.01,success
4429,Delta,api,alta,4.21,5.08,18,0,46.0,4.98,success
4430,Delta,infra,alta,2.87,2.15,41,0,81.0,6.01,success
4431,Delta,auth,alta,2.31,5.94,55,0,86.9,5.75,success
4432,Alpha,db,media,3.61,2.5,50,0,90.8,5.32,success
4433,Delta,ui,baja,8.03,4.27,74,0,62.1,7.52,success
4434,Alpha,ui,media,0.5,1.79,97,0,76.0,8.67,success
4435,Gamma,ui,alta,10.28,8.76,123,0,84.9,5.53,success
4436,Delta,db,media,1.19,3.01,38,0,80.7,9.51,success
4437,Gamma,infra,alta,0.5,3.15,16,0,88.3,4.26,success
4438,Delta,ui,critica,7.0,4.32,209,0,94.0,4.25,success
4439,Beta,auth,media,2.16,5.63,94,0,65.3,4.11,success
4440,Beta,api,alta,0.5,0.3,28,0,54.8,6.27,success
4441,Beta,db,media,7.12,3.82,86,0,71.7,5.86,success
4442,Beta,api,media,7.7,6.22,174,0,78.4,6.6,success
4443,Gamma,ui,baja,4.71,2.58,316,0,67.8,13.12,failed
4444,Beta,ui,baja,6.54,4.65,84,0,66.9,7.11,success
4445,Gamma,api,baja,9.06,4.48,173,0,81.4,12.41,success
4446,Beta,db,media,0.5,1.28,22,0,89.3,4.52,success
4447,Beta,db,baja,4.49,5.35,65,0,84.5,5.88,success
4448,Alpha,db,media,5.09,3.22,49,1,88.9,8.58,success
4449,Gamma,db,media,0.5,0.3,91,0,78.0,3.98,success
4450,Delta,infra,media,11.42,7.2,284,0,44.3,6.44,success
4451,Delta,ui,alta,2.39,5.69,84,0,59.2,6.79,success
4452,Beta,infra,media,4.5,6.94,29,0,31.5,14.68,success
4453,Beta,auth,baja,0.5,0.6,21,0,69.4,7.01,success
4454,Gamma,ui,critica,14.47,11.45,293,0,75.3,9.87,success
4455,Gamma,db,alta,4.32,4.05,106,0,43.1,3.27,success
4456,Alpha,api,media,3.4,6.75,100,0,45.9,4.74,success
4457,Gamma,api,alta,0.92,2.53,49,0,83.8,4.8,rolled_back
4458,Alpha,ui,baja,6.83,5.09,85,0,77.6,5.44,success
4459,Alpha,api,alta,0.92,6.05,27,0,62.1,5.85,success
4460,Gamma,infra,baja,8.56,4.33,94,0,92.0,5.11,success
4461,Alpha,api,media,3.25,4.25,23,0,69.8,6.21,success
4462,Beta,auth,baja,0.5,5.22,48,0,59.0,7.24,success
4463,Gamma,ui,alta,3.2,5.09,37,0,63.5,6.28,success
4464,Gamma,api,baja,2.29,0.97,4,0,28.3,12.37,success
4465,Beta,auth,baja,0.5,0.3,49,0,43.6,5.98,success
4466,Alpha,ui,baja,2.92,0.3,30,0,100.0,14.53,success
4467,Delta,ui,alta,5.36,8.42,55,0,78.9,8.64,success
4468,Delta,auth,baja,7.57,3.21,67,0,94.6,8.34,success
4469,Delta,ui,media,15.23,12.42,327,0,92.8,3.94,success
4470,Gamma,ui,baja,13.07,5.78,88,0,94.0,7.88,success
4471,Beta,db,alta,4.7,10.71,90,0,98.0,3.22,success
4472,Delta,api,baja,6.87,2.24,104,0,77.0,9.21,success
4473,Beta,auth,critica,4.56,4.34,146,0,64.6,3.4,success
4474,Alpha,infra,baja,9.92,10.48,100,0,59.8,11.73,success
4475,Delta,ui,baja,1.77,0.8,86,0,87.4,11.93,success
4476,Beta,auth,baja,11.3,9.69,126,0,85.5,9.52,success
4477,Delta,db,baja,7.64,5.38,8,0,50.1,5.49,success
4478,Beta,auth,media,12.76,10.13,437,0,63.9,5.48,success
4479,Delta,db,baja,13.64,12.39,279,0,74.9,11.96,success
4480,Gamma,db,alta,6.04,4.05,81,0,83.7,16.94,success
4481,Beta,infra,media,1.33,6.04,19,0,74.8,5.07,success
4482,Beta,infra,baja,7.53,6.9,198,0,82.7,7.91,success
4483,Delta,api,media,3.92,8.72,36,0,96.5,5.12,success
4484,Alpha,db,baja,6.18,3.13,108,0,80.7,5.57,success
4485,Beta,api,baja,7.11,4.16,21,0,61.3,5.85,success
4486,Beta,ui,baja,18.56,12.06,495,0,61.6,7.33,success
4487,Gamma,ui,baja,0.5,0.3,18,0,86.8,4.83,success
4488,Beta,auth,baja,6.36,7.63,71,0,82.0,10.96,success
4489,Gamma,auth,critica,0.5,1.61,10,0,89.9,3.84,success
4490,Beta,auth,media,2.76,0.3,64,0,85.4,6.92,success
4491,Alpha,auth,critica,2.59,1.0,45,0,93.5,5.02,success
4492,Alpha,api,baja,9.3,4.91,186,0,63.6,6.88,success
4493,Gamma,infra,alta,9.6,9.57,45,0,71.4,4.12,success
4494,Beta,ui,media,8.23,7.58,186,0,86.1,4.83,success
4495,Beta,db,baja,1.73,2.21,27,0,88.7,10.68,success
4496,Gamma,db,alta,1.1,1.25,52,0,92.2,3.04,success
4497,Beta,db,baja,6.1,4.56,53,0,82.0,9.49,success
4498,Beta,api,media,4.54,8.68,104,0,46.4,8.51,success
4499,Alpha,infra,alta,3.48,3.0,93,0,69.0,,success
4500,Beta,db,media,8.69,8.86,128,0,89.6,5.28,success
4501,Gamma,db,media,8.68,5.88,85,0,58.3,7.08,success
4502,Gamma,infra,media,2.24,7.05,121,0,65.3,6.85,success
4503,Delta,ui,baja,0.5,0.3,30,0,54.7,10.66,success
4504,Delta,ui,critica,4.54,6.24,95,1,90.0,8.42,success
4505,Alpha,infra,baja,7.55,4.13,284,0,85.0,5.84,success
4506,Beta,api,baja,0.5,7.33,15,0,82.8,11.76,success
4507,Beta,db,baja,2.0,4.44,104,0,54.3,6.41,success
4508,Gamma,auth,critica,9.38,2.87,123,0,90.0,2.1,success
4509,Beta,auth,alta,11.39,6.01,248,0,95.9,2.77,success
4510,Delta,ui,media,13.6,11.37,128,0,81.6,8.16,success
4511,Beta,auth,critica,2.26,4.5,73,0,84.8,13.71,success
4512,Gamma,infra,baja,9.63,8.74,98,0,,5.74,success
4513,Alpha,auth,alta,4.31,4.48,34,0,76.8,2.68,success
4514,Delta,db,baja,1.65,1.69,47,0,60.4,9.01,success
4515,Delta,auth,media,2.14,5.5,20,0,70.8,4.24,success
4516,Delta,infra,baja,7.85,4.05,254,0,76.7,10.18,success
4517,Beta,api,critica,5.78,5.1,100,0,53.4,3.91,success
4518,Alpha,auth,critica,5.44,3.21,29,0,75.6,2.85,success
4519,Gamma,auth,media,3.25,1.7,85,0,75.8,5.8,success
4520,Beta,ui,baja,10.22,6.48,189,0,85.0,12.95,success
4521,Delta,infra,baja,10.9,6.2,163,0,78.6,4.73,success
4522,Gamma,infra,media,8.14,7.76,29,0,58.5,9.16,success
4523,Gamma,api,baja,0.5,0.3,4,0,71.6,10.78,success
4524,Delta,api,baja,4.69,5.39,95,0,61.3,6.43,success
4525,Delta,auth,media,5.14,3.0,30,0,49.5,8.01,success
4526,Beta,ui,media,2.25,2.93,117,0,85.1,7.06,success
4527,Alpha,ui,critica,3.29,3.06,157,0,54.4,7.73,success
4528,Alpha,api,media,7.39,4.69,182,1,70.2,9.82,success
4529,Beta,ui,baja,10.39,10.77,321,0,75.8,5.05,success
4530,Gamma,infra,media,7.48,5.06,203,0,54.0,10.87,success
4531,Alpha,auth,baja,10.43,9.52,322,0,77.7,5.93,success
4532,Alpha,auth,media,14.56,12.03,231,0,74.8,5.19,success
4533,Gamma,auth,alta,7.87,5.54,250,0,58.4,4.69,success
4534,Delta,auth,baja,5.77,1.82,64,0,77.7,11.39,success
4535,Alpha,auth,baja,3.98,1.68,21,0,90.4,15.42,success
4536,Gamma,ui,alta,14.73,13.53,623,1,71.0,7.29,success
4537,Alpha,auth,media,7.95,7.5,71,0,87.3,,success
4538,Gamma,db,media,10.27,8.01,202,0,65.6,6.95,success
4539,Delta,infra,alta,3.73,2.32,41,0,91.9,,success
4540,Delta,infra,media,10.11,11.9,159,0,68.7,7.84,success
4541,Gamma,ui,baja,2.04,0.55,7,0,92.0,9.07,success
4542,Gamma,auth,alta,6.49,5.74,46,0,94.3,6.13,failed
4543,Delta,auth,critica,0.5,3.05,61,0,66.1,2.14,success
4544,Gamma,auth,baja,7.92,2.99,101,0,92.1,15.14,success
4545,Beta,infra,baja,7.8,4.28,175,0,52.5,9.35,success
4546,Delta,infra,alta,3.38,2.38,25,0,68.3,12.03,success
4547,Gamma,api,media,2.66,5.25,121,0,55.4,4.08,success
4548,Delta,api,media,7.34,4.81,201,0,58.4,4.51,success
4549,Gamma,ui,media,17.65,8.5,551,0,68.8,4.84,success
4550,Delta,api,alta,2.18,0.3,126,0,93.0,13.41,success
4551,Alpha,infra,media,4.25,2.13,44,0,94.1,6.81,success
4552,Alpha,auth,baja,6.73,1.81,21,0,38.9,7.41,success
4553,Alpha,api,baja,8.67,8.62,346,0,73.6,4.47,success
4554,Gamma,api,media,7.6,8.08,129,0,42.4,5.45,success
4555,Gamma,auth,critica,2.47,3.0,65,0,74.4,4.04,success
4556,Alpha,api,media,1.08,1.49,16,0,56.9,7.16,success
4557,Alpha,infra,media,3.07,5.2,29,0,71.3,14.43,success
4558,Delta,auth,critica,5.82,6.74,118,0,75.8,9.8,success
4559,Delta,ui,media,5.34,2.24,92,0,72.8,5.7,success
4560,Gamma,api,media,0.5,0.3,12,0,82.7,4.46,success
4561,Beta,auth,baja,8.81,8.55,118,0,74.6,6.86,success
4562,Beta,auth,alta,2.72,3.81,16,0,74.0,5.65,success
4563,Alpha,api,alta,10.33,9.22,226,0,85.4,7.11,success
4564,Alpha,auth,alta,7.57,3.81,80,0,86.8,2.19,success
4565,Delta,api,baja,0.5,0.3,44,0,73.9,6.89,success
4566,Beta,db,media,8.78,7.93,163,0,47.0,5.86,success
4567,Gamma,db,baja,4.18,2.3,92,0,53.6,6.83,success
4568,Gamma,infra,critica,12.2,5.02,220,0,70.9,12.57,success
4569,Beta,api,baja,1.76,0.89,72,0,83.3,7.19,success
4570,Alpha,db,media,6.72,5.02,76,0,48.6,6.32,success
4571,Gamma,ui,alta,0.5,6.05,52,0,84.9,12.59,success
4572,Alpha,auth,baja,5.57,2.75,84,0,85.3,12.71,success
4573,Beta,api,media,12.06,8.58,307,0,76.3,10.7,success
4574,Delta,ui,baja,2.77,8.27,42,0,66.9,8.22,success
4575,Gamma,db,media,1.93,0.3,119,0,79.9,5.32,success
4576,Delta,api,critica,1.74,4.2,30,0,41.2,2.62,success
4577,Alpha,auth,media,4.71,2.55,10,0,86.2,9.57,success
4578,Alpha,infra,critica,8.28,7.47,80,0,47.0,11.08,success
4579,Beta,auth,baja,10.65,13.73,93,0,46.8,9.22,success
4580,Beta,infra,media,5.38,6.71,60,0,74.8,4.22,success
4581,Alpha,db,critica,3.17,3.78,17,0,32.6,5.0,success
4582,Delta,db,alta,6.06,2.76,88,0,49.3,9.63,success
4583,Alpha,db,baja,9.58,6.81,85,0,80.6,5.76,success
4584,Gamma,auth,media,4.74,2.93,30,0,45.7,4.63,success
4585,Gamma,ui,alta,2.91,0.3,20,0,76.8,6.86,success
4586,Gamma,db,alta,2.62,0.3,53,0,37.6,7.17,success
4587,Alpha,db,media,5.18,2.53,120,0,75.6,7.61,success
4588,Beta,api,baja,6.07,5.06,97,0,60.4,12.38,success
4589,Gamma,auth,baja,0.5,4.6,30,1,64.4,13.08,success
4590,Beta,api,media,2.37,1.08,75,0,56.8,5.17,success
4591,Gamma,api,media,6.21,5.71,148,0,71.3,,success
4592,Alpha,ui,baja,1.51,0.3,23,0,62.3,17.2,success
4593,Alpha,db,baja,5.69,2.91,71,0,63.0,6.5,success
4594,Gamma,db,media,11.07,2.02,223,0,52.8,8.63,success
4595,Gamma,ui,media,3.56,9.22,21,0,53.9,11.9,success
4596,Alpha,api,media,8.95,7.36,189,0,58.8,7.26,success
4597,Delta,api,media,10.95,8.49,286,0,79.9,4.26,success
4598,Alpha,api,baja,0.5,3.14,55,0,67.3,8.55,success
4599,Delta,auth,alta,0.7,8.25,49,0,78.5,6.98,success
4600,Gamma,auth,media,9.57,6.15,169,0,95.8,5.77,success
4601,Delta,api,baja,1.03,0.3,56,0,71.0,6.9,success
4602,Delta,api,media,4.94,9.46,8,0,74.5,3.97,success
4603,Beta,ui,media,6.56,2.36,61,0,64.6,4.88,success
4604,Delta,auth,media,4.22,7.28,102,0,74.5,5.09,success
4605,Alpha,api,media,4.36,3.93,130,0,38.5,4.63,success
4606,Beta,auth,media,2.93,4.34,30,0,94.5,6.14,success
4607,Alpha,ui,media,3.45,0.3,52,0,76.6,9.88,success
4608,Beta,ui,baja,8.71,13.21,161,0,82.8,6.22,success
4609,Delta,api,baja,0.5,0.84,63,0,91.0,13.57,success
4610,Beta,auth,baja,0.5,0.3,17,0,74.1,8.89,success
4611,Alpha,infra,media,5.45,6.14,203,0,67.9,18.92,success
4612,Beta,ui,media,0.5,0.3,55,0,31.8,8.68,success
4613,Delta,ui,alta,5.78,6.03,178,0,78.6,2.89,success
4614,Gamma,ui,baja,0.5,0.3,19,0,46.5,12.48,success
4615,Gamma,db,media,2.43,3.32,60,0,58.3,3.47,success
4616,Beta,infra,baja,3.72,2.22,106,0,75.1,4.84,success
4617,Beta,api,media,5.22,2.67,62,0,71.3,9.88,success
4618,Gamma,ui,alta,1.81,0.3,23,0,70.4,14.06,success
4619,Gamma,auth,baja,0.5,4.01,8,0,86.0,16.19,success
4620,Delta,ui,baja,10.98,7.21,263,0,84.6,,success
4621,Gamma,api,media,13.03,8.86,83,0,88.6,5.67,success
4622,Delta,auth,alta,11.12,9.24,191,0,31.1,5.33,failed
4623,Delta,infra,baja,8.76,9.61,154,0,46.1,7.48,success
4624,Alpha,infra,critica,4.91,2.14,114,0,88.5,4.92,success
4625,Beta,api,critica,2.03,3.27,50,0,71.7,3.0,rolled_back
4626,Beta,infra,alta,3.44,1.29,104,0,86.7,5.69,success
4627,Alpha,api,baja,9.89,6.91,242,0,75.9,6.51,success
4628,Alpha,api,media,1.2,4.88,72,0,50.2,4.63,success
4629,Delta,infra,baja,13.77,3.9,369,1,72.7,19.4,success
4630,Beta,api,alta,0.52,0.3,17,1,31.8,9.95,success
4631,Alpha,api,media,0.5,1.22,16,0,77.4,8.0,success
4632,Beta,ui,baja,4.83,5.35,162,0,92.6,7.99,success
4633,Beta,auth,baja,6.71,8.58,32,0,77.9,6.0,success
4634,Alpha,api,alta,14.93,6.21,419,0,80.7,5.62,success
4635,Alpha,api,alta,0.5,5.34,222,0,43.9,13.79,success
4636,Delta,ui,media,8.21,7.73,278,0,47.3,8.06,success
4637,Delta,auth,media,9.29,6.47,148,0,18.6,6.12,success
4638,Beta,auth,alta,1.97,0.3,29,0,90.1,6.67,success
4639,Gamma,db,alta,4.3,2.65,15,0,96.2,4.73,success
4640,Delta,auth,alta,8.43,9.12,256,0,51.4,,success
4641,Delta,api,media,3.09,3.42,17,0,78.7,10.13,success
4642,Alpha,db,media,10.43,7.31,278,0,,6.81,success
4643,Delta,db,alta,3.62,1.24,122,0,60.7,7.33,failed
4644,Alpha,auth,baja,5.35,6.55,62,0,54.7,7.85,success
4645,Alpha,infra,media,8.97,6.51,99,0,42.9,9.03,success
4646,Beta,db,baja,6.18,4.62,101,0,36.2,6.7,success
4647,Gamma,api,media,4.05,3.69,56,0,78.6,5.85,success
4648,Alpha,db,alta,7.03,4.1,241,0,65.1,13.07,success
4649,Beta,db,baja,11.8,6.54,233,0,78.2,4.84,success
4650,Beta,ui,media,2.78,0.3,77,0,85.7,8.92,success
4651,Beta,ui,baja,4.85,2.86,39,0,53.3,8.28,success
4652,Delta,db,alta,10.89,3.53,216,0,61.4,5.07,success
4653,Beta,infra,alta,5.29,5.89,11,0,89.3,3.96,success
4654,Alpha,ui,media,7.59,4.38,99,0,95.7,10.99,success
4655,Alpha,db,alta,8.43,5.58,130,0,75.9,13.99,success
4656,Alpha,db,baja,0.5,1.71,32,0,91.9,7.02,success
4657,Alpha,infra,alta,4.56,2.23,160,0,77.9,7.62,success
4658,Gamma,infra,alta,0.5,0.3,65,0,51.0,7.47,success
4659,Beta,auth,baja,0.5,2.35,41,0,69.1,9.86,success
4660,Beta,auth,critica,11.35,13.03,159,0,50.9,2.38,success
4661,Delta,ui,baja,0.5,4.08,25,0,64.2,11.65,success
4662,Gamma,api,media,2.4,6.14,146,0,78.9,3.84,success
4663,Alpha,ui,baja,2.18,0.3,11,0,51.7,9.52,success
4664,Beta,db,alta,2.34,2.43,86,0,78.6,10.69,success
4665,Beta,infra,baja,10.86,7.52,69,0,73.9,6.57,success
4666,Delta,api,baja,2.37,6.49,41,0,75.7,8.21,success
4667,Beta,db,media,6.19,7.51,95,0,93.5,9.13,success
4668,Alpha,auth,critica,1.82,2.18,62,0,73.7,4.12,success
4669,Gamma,ui,baja,1.29,0.3,172,0,86.6,5.9,success
4670,Beta,auth,media,3.11,0.47,110,0,52.9,8.63,success
4671,Alpha,ui,media,3.13,4.96,100,0,49.3,4.41,success
4672,Gamma,ui,alta,2.05,1.93,87,0,72.7,2.61,success
4673,Alpha,db,baja,0.5,1.52,44,0,84.2,8.06,success
4674,Delta,ui,media,3.96,5.41,51,0,52.5,5.94,success
4675,Delta,api,critica,3.43,6.39,83,0,70.3,6.89,success
4676,Beta,auth,baja,0.5,0.3,57,0,55.1,8.28,success
4677,Gamma,auth,media,7.81,7.67,181,0,78.9,16.17,success
4678,Gamma,infra,alta,6.88,9.66,73,0,68.6,10.29,success
4679,Gamma,infra,baja,9.05,10.5,94,0,69.6,8.63,success
4680,Alpha,api,media,0.5,0.47,19,0,56.8,10.53,success
4681,Beta,api,baja,4.49,4.93,156,1,36.3,18.84,success
4682,Alpha,api,alta,0.5,3.68,40,0,66.8,11.14,success
4683,Gamma,ui,critica,0.5,1.85,26,0,83.4,2.74,success
4684,Alpha,api,media,14.41,9.52,293,0,57.1,4.85,success
4685,Gamma,auth,media,3.18,0.3,125,0,93.8,13.15,success
4686,Gamma,api,media,5.15,2.43,161,0,60.5,6.96,success
4687,Delta,api,baja,2.38,1.19,100,0,63.9,8.34,success
4688,Beta,api,baja,8.71,3.57,61,0,49.5,9.37,success
4689,Alpha,auth,baja,0.5,2.07,52,0,78.1,7.5,success
4690,Gamma,ui,baja,4.06,6.1,134,0,93.3,15.02,success
4691,Alpha,ui,media,5.29,3.63,185,0,53.6,7.7,success
4692,Alpha,api,baja,0.5,0.3,63,0,86.5,11.21,success
4693,Delta,ui,baja,18.41,12.25,431,1,68.9,12.54,success
4694,Delta,api,media,0.5,2.48,56,0,48.2,6.08,success
4695,Gamma,db,baja,0.95,2.59,19,0,68.7,6.0,success
4696,Delta,infra,baja,2.17,1.0,14,1,89.8,,success
4697,Alpha,auth,baja,0.5,0.3,15,0,69.0,7.67,success
4698,Alpha,infra,baja,0.5,4.02,46,0,76.8,10.62,success
4699,Beta,db,media,3.12,4.25,54,0,88.8,8.99,success
4700,Alpha,ui,alta,3.7,2.02,123,0,47.1,3.75,success
4701,Delta,api,alta,6.5,1.65,65,0,66.5,,success
4702,Alpha,api,alta,7.61,6.62,142,0,68.5,3.59,success
4703,Gamma,auth,media,10.93,5.81,69,0,74.7,4.68,success
4704,Delta,infra,critica,4.39,5.09,68,0,76.9,2.56,success
4705,Gamma,ui,media,5.28,5.06,40,0,80.5,4.93,success
4706,Alpha,api,media,8.26,11.65,240,0,67.2,5.25,success
4707,Beta,ui,media,7.65,5.9,17,0,63.5,18.13,success
4708,Gamma,auth,baja,4.65,9.29,87,0,,7.11,success
4709,Delta,auth,baja,3.39,3.74,57,0,74.8,10.89,success
4710,Beta,ui,baja,7.67,4.43,135,0,80.4,9.64,success
4711,Beta,ui,alta,2.02,0.3,65,0,68.6,6.78,success
4712,Delta,db,baja,2.43,0.77,67,0,65.5,11.48,success
4713,Delta,ui,media,5.26,5.73,52,0,78.8,7.43,success
4714,Beta,ui,alta,11.22,8.55,234,0,96.9,3.9,success
4715,Alpha,db,media,5.57,0.3,67,0,77.2,8.07,success
4716,Gamma,auth,baja,13.51,12.16,393,0,59.0,10.18,success
4717,Delta,ui,media,5.4,8.43,85,0,45.8,4.45,success
4718,Delta,db,baja,7.07,1.12,68,0,94.1,8.59,success
4719,Beta,api,critica,0.5,4.33,59,0,58.2,8.23,success
4720,Alpha,auth,media,46.59658322230359,8.91,111,0,76.4,6.7,success
4721,Gamma,auth,alta,0.5,0.3,39,0,61.6,14.27,success
4722,Delta,auth,media,6.62,4.3,76,0,61.6,5.34,success
4723,Delta,ui,alta,1.54,0.3,67,0,61.2,5.08,success
4724,Alpha,auth,alta,2.7,5.55,89,0,67.3,7.33,success
4725,Beta,ui,baja,4.36,3.08,91,0,81.6,6.68,success
4726,Beta,auth,baja,6.74,4.41,96,0,44.6,6.63,success
4727,Alpha,auth,baja,10.43,8.81,73,0,79.8,12.76,success
4728,Delta,api,media,5.32,8.59,274,0,94.7,6.02,success
4729,Alpha,auth,alta,2.72,2.98,98,0,73.5,9.18,success
4730,Gamma,infra,media,23.69,14.54,696,1,57.7,8.62,success
4731,Delta,api,media,1.81,1.88,70,0,81.8,5.96,success
4732,Gamma,auth,critica,9.69,8.96,158,0,68.8,4.06,success
4733,Delta,auth,baja,2.52,0.3,35,0,,7.23,failed
4734,Beta,api,baja,11.71,8.48,235,0,82.0,5.82,success
4735,Delta,ui,critica,2.27,0.52,35,0,90.8,3.91,success
4736,Beta,db,critica,6.66,2.49,101,0,61.4,4.87,success
4737,Alpha,api,media,1.09,0.3,53,0,73.8,3.71,success
4738,Beta,ui,baja,10.81,6.7,100,0,82.9,6.58,success
4739,Beta,api,critica,0.5,4.5,54,0,55.9,6.39,success
4740,Gamma,db,alta,0.5,0.3,33,0,68.7,4.17,success
4741,Beta,ui,media,0.5,3.16,52,0,94.8,7.28,success
4742,Beta,api,baja,12.41,7.32,267,0,93.1,6.15,success
4743,Beta,db,media,6.68,2.85,102,0,69.3,6.44,success
4744,Beta,db,alta,0.5,2.66,21,0,97.1,2.6,success
4745,Gamma,api,alta,10.89,11.31,179,0,80.0,7.19,success
4746,Beta,infra,media,0.8,5.72,30,0,75.7,5.43,success
4747,Delta,infra,media,7.12,6.48,130,0,85.7,9.53,success
4748,Beta,auth,media,7.17,5.63,110,0,55.3,6.17,success
4749,Delta,db,media,4.71,5.3,116,0,73.4,5.61,success
4750,Beta,ui,media,15.32,16.88,353,2,81.5,13.17,success
4751,Alpha,ui,baja,2.58,2.32,32,0,79.5,6.61,success
4752,Alpha,ui,baja,6.36,8.15,116,0,91.3,6.54,success
4753,Delta,infra,alta,7.34,4.42,207,0,77.3,4.02,success
4754,Delta,ui,baja,0.5,0.3,37,0,62.8,6.26,success
4755,Alpha,ui,baja,2.7,7.54,34,0,66.5,15.84,success
4756,Gamma,auth,critica,0.5,1.81,51,0,46.1,4.44,success
4757,Gamma,api,alta,9.58,7.81,89,0,80.0,2.83,success
4758,Alpha,infra,baja,0.5,3.17,19,0,47.8,4.93,success
4759,Beta,db,baja,8.98,4.66,110,0,80.8,16.04,success
4760,Gamma,auth,alta,1.94,1.57,19,0,71.9,5.24,failed
4761,Delta,infra,media,9.7,5.71,214,0,81.0,4.35,success
4762,Delta,db,media,0.82,2.82,106,0,59.7,10.05,success
4763,Alpha,ui,media,12.38,9.84,373,0,80.3,5.11,success
4764,Alpha,auth,baja,3.93,2.36,122,0,84.9,7.76,success
4765,Beta,ui,alta,9.84,12.47,51,0,95.6,6.09,success
4766,Alpha,auth,baja,1.16,2.13,32,0,,5.65,success
4767,Gamma,api,media,8.56,6.89,83,0,68.6,5.15,success
4768,Alpha,ui,baja,7.0,9.06,65,0,72.7,9.85,success
4769,Alpha,infra,baja,10.79,5.79,194,0,85.6,12.83,success
4770,Alpha,api,baja,1.32,0.99,29,0,61.2,10.26,success
4771,Beta,infra,alta,19.74,14.06,411,1,56.3,9.37,success
4772,Delta,infra,baja,14.65,6.6,210,0,94.3,6.79,success
4773,Alpha,auth,baja,4.64,3.69,56,0,76.4,9.09,success
4774,Delta,auth,baja,10.61,12.99,336,0,55.9,9.72,success
4775,Beta,db,alta,0.5,6.37,33,0,,10.58,success
4776,Alpha,db,media,5.63,7.12,80,0,79.6,6.44,success
4777,Beta,api,critica,2.82,6.15,21,0,67.6,15.66,success
4778,Gamma,ui,media,13.17,10.64,351,0,86.7,9.69,success
4779,Alpha,ui,media,0.5,0.72,15,0,60.1,6.19,success
4780,Alpha,db,media,2.63,7.19,18,0,95.9,10.56,success
4781,Delta,db,baja,6.75,3.18,38,0,47.3,6.88,success
4782,Gamma,auth,critica,11.45,10.79,219,0,50.6,3.32,success
4783,Beta,auth,critica,5.47,3.51,157,0,95.1,1.95,success
4784,Delta,auth,baja,3.88,2.71,74,0,87.9,15.69,success
4785,Delta,infra,media,2.37,4.27,167,0,57.0,5.61,success
4786,Beta,infra,baja,1.8,7.66,60,0,64.5,9.67,success
4787,Gamma,db,media,3.74,7.32,98,0,50.2,9.76,success
4788,Alpha,auth,alta,12.5,9.85,295,0,80.6,4.79,success
4789,Beta,ui,critica,1.47,2.54,53,0,56.6,4.09,success
4790,Gamma,auth,baja,0.5,3.75,33,0,52.1,4.93,success
4791,Alpha,api,media,7.04,9.14,102,0,73.9,4.52,success
4792,Delta,api,alta,4.57,0.3,130,0,68.2,3.08,success
4793,Delta,db,baja,1.57,2.12,74,0,66.0,17.6,success
4794,Beta,auth,media,9.39,4.5,165,0,92.3,6.05,success
4795,Beta,ui,media,5.06,3.99,56,0,50.9,5.06,success
4796,Alpha,infra,alta,3.71,0.58,75,0,80.0,4.61,success
4797,Gamma,ui,critica,3.55,0.3,93,0,95.0,4.73,success
4798,Alpha,auth,baja,5.57,1.54,86,0,71.4,6.01,success
4799,Beta,infra,baja,12.17,7.42,285,0,52.2,9.56,success
4800,Gamma,ui,baja,5.53,6.28,93,0,81.0,10.96,success
4801,Gamma,api,baja,3.96,1.84,51,0,72.6,7.3,success
4802,Gamma,ui,media,3.07,1.18,107,0,85.1,5.21,success
4803,Alpha,infra,alta,5.52,5.8,165,0,98.5,4.75,success
4804,Delta,api,media,5.48,5.5,134,0,60.1,4.57,success
4805,Gamma,ui,media,2.42,7.21,127,0,87.6,5.92,success
4806,Delta,api,media,0.5,4.14,17,0,67.1,8.74,success
4807,Beta,auth,baja,1.94,0.3,7,0,68.6,14.08,success
4808,Delta,db,alta,11.42,6.68,210,0,51.3,6.56,success
4809,Beta,auth,media,0.5,3.67,99,0,66.1,8.65,success
4810,Delta,api,media,2.71,0.91,65,0,91.2,6.15,success
4811,Alpha,api,critica,6.46,4.57,125,0,85.5,8.45,success
4812,Alpha,api,media,16.14,6.91,378,0,73.6,4.89,success
4813,Gamma,api,baja,15.49,7.53,238,1,51.0,10.99,success
4814,Gamma,ui,media,5.86,8.16,159,0,,6.03,success
4815,Gamma,api,media,9.86,7.83,30,0,41.5,7.84,success
4816,Beta,auth,media,4.39,2.56,34,0,43.2,4.12,success
4817,Delta,infra,alta,4.81,3.16,8,0,45.4,13.14,success
4818,Beta,infra,media,2.34,7.19,118,0,81.0,4.61,success
4819,Gamma,api,media,9.03,5.28,181,0,,5.46,success
4820,Delta,api,alta,10.69,9.1,195,0,68.1,6.95,success
4821,Gamma,auth,media,3.23,5.62,122,0,62.9,7.36,success
4822,Gamma,auth,media,0.5,5.41,58,0,62.5,10.41,success
4823,Delta,api,baja,3.67,1.57,40,0,87.6,10.06,success
4824,Delta,infra,media,2.28,0.3,32,0,88.0,4.65,success
4825,Beta,db,media,7.77,3.4,58,0,65.9,5.53,success
4826,Beta,api,baja,1.23,4.07,28,0,90.3,9.36,success
4827,Alpha,infra,media,9.88,12.41,324,0,93.8,6.13,success
4828,Gamma,api,baja,0.5,3.71,21,0,71.2,5.82,success
4829,Delta,api,baja,1.69,0.87,56,0,82.8,4.7,success
4830,Beta,api,media,10.36,10.69,12,0,65.4,11.59,success
4831,Beta,auth,baja,0.5,0.63,87,0,82.4,6.63,success
4832,Alpha,infra,media,0.53,0.3,67,1,76.9,12.12,success
4833,Beta,api,media,3.28,2.64,48,0,42.8,4.73,success
4834,Alpha,ui,baja,8.02,4.86,29,0,62.8,8.69,success
4835,Delta,api,baja,6.35,3.56,67,0,45.7,4.83,success
4836,Gamma,infra,media,8.71,9.78,41,0,89.9,4.7,success
4837,Alpha,ui,baja,2.77,1.87,59,0,64.3,6.94,success
4838,Alpha,api,media,10.01,3.54,388,0,91.3,4.9,success
4839,Delta,auth,alta,2.92,4.72,78,0,71.8,4.24,success
4840,Delta,infra,media,4.85,2.02,108,0,85.8,9.01,success
4841,Delta,ui,media,3.35,1.2,44,0,88.4,5.41,success
4842,Alpha,api,critica,2.43,4.71,33,0,75.2,2.64,success
4843,Alpha,infra,baja,5.49,2.98,65,0,77.9,6.65,success
4844,Alpha,auth,alta,19.19,11.88,635,0,69.0,2.58,success
4845,Delta,api,alta,0.6,1.97,51,0,65.1,4.93,success
4846,Delta,ui,media,0.96,1.36,92,0,48.5,5.65,success
4847,Delta,api,baja,3.61,2.59,32,0,40.1,7.02,success
4848,Alpha,api,baja,2.46,0.3,6,0,65.6,5.21,success
4849,Alpha,api,critica,5.84,4.57,33,0,85.2,5.23,success
4850,Delta,auth,baja,23.93,19.89,568,1,86.8,12.8,success
4851,Delta,auth,alta,1.61,4.04,114,0,91.6,10.51,success
4852,Gamma,auth,media,10.84,7.07,292,0,90.4,9.35,failed
4853,Alpha,infra,media,2.93,4.43,49,0,69.5,4.74,success
4854,Alpha,ui,media,0.5,3.37,8,0,94.6,4.69,success
4855,Alpha,api,baja,1.37,0.3,25,0,50.1,10.69,success
4856,Gamma,api,media,10.38,10.87,95,0,64.9,4.49,success
4857,Delta,db,critica,2.49,3.4,83,0,55.7,2.79,success
4858,Gamma,auth,baja,1.16,1.42,66,0,69.0,8.46,success
4859,Beta,api,critica,3.07,7.32,41,0,80.6,3.33,success
4860,Delta,ui,critica,9.53,2.05,155,0,55.1,5.49,success
4861,Alpha,api,baja,2.47,0.3,42,0,75.6,4.88,success
4862,Delta,db,media,5.04,6.13,88,0,44.1,5.43,success
4863,Delta,infra,baja,0.5,3.49,80,0,68.2,11.14,success
4864,Gamma,db,media,5.46,8.89,48,0,55.0,4.65,success
4865,Delta,auth,critica,3.6,0.3,30,0,82.3,3.4,success
4866,Gamma,auth,alta,6.47,7.53,45,0,59.5,4.87,success
4867,Beta,auth,critica,7.2,2.71,360,0,93.7,3.49,success
4868,Beta,db,baja,6.52,6.46,181,0,80.4,4.88,success
4869,Delta,infra,media,10.05,7.37,167,0,94.9,9.57,success
4870,Gamma,infra,baja,1.02,4.24,33,0,85.2,7.14,success
4871,Alpha,api,alta,2.67,2.51,18,0,79.3,6.62,success
4872,Delta,db,baja,6.08,7.68,179,0,80.0,11.46,success
4873,Alpha,ui,baja,5.53,2.75,151,0,38.5,6.38,success
4874,Gamma,db,baja,8.37,6.32,75,0,59.3,8.28,success
4875,Alpha,ui,baja,0.5,2.28,48,0,70.5,4.33,success
4876,Gamma,auth,baja,2.36,7.11,18,0,79.6,4.5,success
4877,Beta,auth,baja,7.14,7.87,146,0,71.3,7.45,success
4878,Beta,infra,alta,10.63,8.39,194,0,92.0,2.98,success
4879,Gamma,api,alta,2.65,4.69,36,0,81.6,6.69,success
4880,Delta,api,baja,6.08,7.86,34,0,83.3,9.42,success
4881,Beta,api,alta,7.96,7.21,204,0,44.7,3.96,success
4882,Delta,api,media,3.49,1.03,37,0,44.6,7.97,success
4883,Beta,infra,alta,12.17,10.37,331,0,75.0,4.69,success
4884,Alpha,auth,baja,5.51,4.74,60,0,65.4,12.28,success
4885,Alpha,auth,media,4.82,3.51,47,0,87.3,4.09,success
4886,Alpha,db,media,1.17,0.3,69,0,,5.93,success
4887,Gamma,ui,baja,4.18,5.46,47,0,71.8,8.1,success
4888,Gamma,auth,media,9.43,8.44,184,0,58.7,8.77,success
4889,Beta,auth,alta,10.83,5.61,148,0,92.0,7.56,success
4890,Beta,auth,alta,4.31,1.32,178,0,59.6,4.45,success
4891,Delta,api,media,6.07,9.87,79,0,90.9,5.67,success
4892,Gamma,auth,media,2.09,4.91,44,0,91.4,4.61,success
4893,Alpha,auth,alta,4.48,4.4,66,0,59.7,,success
4894,Alpha,db,baja,0.55,3.35,45,0,45.5,13.89,success
4895,Beta,infra,baja,9.46,6.01,250,0,49.7,4.77,failed
4896,Beta,infra,media,7.88,5.8,164,0,96.9,9.42,success
4897,Delta,api,baja,0.77,2.02,61,0,53.8,9.43,success
4898,Gamma,api,media,7.98,8.7,29,0,72.1,,success
4899,Delta,infra,baja,5.13,1.04,267,0,75.4,10.26,success
4900,Gamma,db,media,6.15,2.64,75,0,37.3,11.35,success
4901,Beta,ui,media,0.5,0.3,59,0,89.5,8.65,success
4902,Gamma,api,alta,9.17,9.13,269,0,73.6,3.6,success
4903,Gamma,api,media,4.95,4.22,42,0,67.0,13.83,success
4904,Gamma,ui,media,6.02,2.82,50,0,59.7,9.69,success
4905,Alpha,ui,critica,3.35,2.96,54,0,79.4,2.79,success
4906,Gamma,auth,alta,1.75,0.97,20,0,54.1,6.8,success
4907,Beta,infra,media,6.37,1.74,89,0,99.9,7.5,success
4908,Delta,ui,baja,6.02,8.26,34,0,68.7,5.26,success
4909,Delta,ui,media,7.56,5.66,40,0,68.6,6.59,success
4910,Gamma,auth,media,0.5,5.01,35,0,,7.33,success
4911,Delta,db,media,2.54,0.3,39,0,75.7,5.25,success
4912,Gamma,db,alta,0.5,3.06,31,0,63.9,11.09,success
4913,Alpha,auth,critica,0.92,0.3,83,0,59.4,3.99,success
4914,Gamma,ui,critica,1.25,8.36,58,0,91.1,6.18,success
4915,Delta,ui,media,6.83,1.27,70,0,78.5,6.46,success
4916,Alpha,db,critica,17.4,16.43,555,0,55.5,3.05,success
4917,Alpha,auth,critica,2.99,3.24,58,0,89.0,5.3,success
4918,Beta,infra,baja,6.35,4.85,115,0,85.0,7.37,success
4919,Delta,api,media,3.69,5.19,127,0,45.9,13.7,success
4920,Gamma,auth,baja,0.5,0.3,63,0,70.9,10.67,success
4921,Delta,auth,baja,2.19,4.78,85,0,83.5,4.99,success
4922,Delta,auth,baja,3.66,5.84,68,0,81.1,5.99,success
4923,Gamma,api,media,6.05,5.16,80,0,39.7,4.56,success
4924,Gamma,api,baja,2.44,3.59,39,0,68.8,4.44,success
4925,Beta,db,baja,4.65,9.11,43,0,77.0,9.52,success
4926,Alpha,auth,baja,6.45,7.0,68,0,94.1,,success
4927,Beta,infra,media,5.69,2.96,11,0,81.4,4.29,success
4928,Gamma,auth,alta,10.29,9.55,256,0,85.6,3.44,success
4929,Alpha,ui,critica,13.01,7.96,466,0,77.5,1.64,success
4930,Alpha,infra,media,1.09,0.33,78,0,46.3,4.67,success
4931,Alpha,db,baja,2.63,4.36,121,0,72.5,8.65,success
4932,Gamma,ui,alta,3.49,1.07,176,0,83.9,13.65,success
4933,Delta,db,baja,2.91,3.36,20,0,63.1,5.02,success
4934,Delta,auth,critica,12.58,10.73,154,0,74.1,5.36,success
4935,Beta,auth,alta,3.99,8.67,45,0,86.8,14.76,success
4936,Gamma,api,media,17.42,13.55,524,1,66.6,9.96,success
4937,Delta,auth,baja,6.72,1.86,56,0,73.0,7.1,success
4938,Gamma,api,baja,3.61,0.38,151,0,36.8,7.6,success
4939,Beta,auth,media,6.84,9.92,57,0,98.5,6.09,success
4940,Beta,infra,media,19.36,11.53,482,0,29.3,8.51,success
4941,Gamma,infra,alta,3.47,0.3,42,0,65.9,17.43,success
4942,Beta,db,media,13.98,7.38,190,0,25.5,4.84,success
4943,Delta,db,media,9.03,8.9,117,0,,3.99,success
4944,Delta,auth,baja,5.02,4.79,96,0,91.9,5.58,success
4945,Alpha,auth,media,4.09,5.57,82,0,86.1,8.82,success
4946,Gamma,ui,baja,1.59,2.37,37,0,74.4,8.06,success
4947,Beta,ui,media,1.82,0.3,7,0,92.0,9.52,success
4948,Gamma,api,media,6.89,1.17,175,0,83.9,3.57,success
4949,Beta,api,alta,2.33,0.81,43,0,61.5,4.91,success
4950,Beta,api,media,7.09,6.06,191,0,99.0,8.38,success
4951,Beta,auth,baja,1.18,0.3,92,0,80.4,4.75,success
4952,Alpha,api,alta,6.4,7.8,196,0,66.8,6.23,success
4953,Delta,api,media,1.07,0.3,137,0,81.5,5.89,success
4954,Alpha,ui,alta,3.29,0.3,7,0,68.3,11.82,success
4955,Beta,infra,media,5.72,4.93,116,0,68.7,3.9,success
4956,Alpha,ui,alta,3.15,5.29,49,1,,11.81,success
4957,Alpha,db,baja,10.01,11.24,190,0,55.1,6.51,success
4958,Beta,db,media,2.83,0.3,114,0,68.5,3.53,success
4959,Delta,auth,alta,3.21,6.99,115,0,96.3,4.04,success
4960,Delta,ui,baja,0.5,2.26,52,0,42.8,10.53,success
4961,Beta,api,alta,5.94,3.51,29,0,65.8,8.05,success
4962,Gamma,ui,media,5.49,6.5,45,0,47.9,7.96,success
4963,Delta,auth,baja,6.59,8.84,13,0,86.3,5.58,rolled_back
4964,Alpha,infra,baja,7.3,1.68,39,0,61.6,14.09,success
4965,Delta,infra,alta,1.2,1.14,18,0,50.5,,success
4966,Alpha,auth,alta,0.68,0.55,18,0,66.8,4.9,success
4967,Alpha,auth,baja,0.5,3.36,74,0,56.0,7.55,success
4968,Beta,auth,baja,1.95,6.32,108,0,54.1,5.22,success
4969,Alpha,db,baja,3.1,3.54,65,1,44.3,10.37,success
4970,Delta,ui,baja,0.5,1.07,43,1,60.2,12.75,success
4971,Delta,auth,alta,0.5,2.91,28,0,,2.5,success
4972,Beta,db,baja,3.25,2.86,50,0,83.1,10.34,success
4973,Delta,api,baja,5.78,0.3,32,0,68.2,12.87,success
4974,Delta,api,baja,1.63,3.77,63,0,89.8,18.9,success
4975,Delta,api,media,2.91,5.71,17,0,95.6,4.78,success
4976,Delta,ui,media,11.64,11.17,125,0,90.5,8.96,success
4977,Gamma,api,media,0.5,0.3,40,0,84.9,8.73,success
4978,Alpha,api,media,7.65,7.61,94,0,76.7,6.01,success
4979,Delta,api,critica,7.64,9.92,148,0,71.0,5.94,success
4980,Gamma,infra,media,9.17,13.33,90,0,76.9,10.81,success
4981,Delta,ui,alta,9.16,8.19,137,0,91.2,4.57,success
4982,Delta,infra,media,0.5,4.26,10,0,90.2,8.09,success
4983,Alpha,ui,baja,3.29,0.99,43,0,92.3,8.85,success
4984,Beta,db,alta,3.02,0.5,180,0,78.5,6.09,success
4985,Alpha,api,media,3.79,6.24,105,0,93.9,4.59,success
4986,Alpha,db,media,12.64,3.99,352,0,98.7,4.3,success
4987,Delta,api,baja,12.23,9.23,309,0,85.1,6.7,success
4988,Delta,auth,media,7.1,9.34,87,0,54.6,9.19,success
4989,Delta,auth,alta,8.59,8.44,53,0,56.9,6.1,success
4990,Delta,auth,baja,1.46,4.14,28,0,63.5,9.21,success
4991,Gamma,infra,baja,7.33,5.77,43,0,67.0,8.94,success
4992,Gamma,infra,baja,4.32,3.07,46,0,73.6,18.18,success
4993,Delta,db,media,0.5,7.19,39,0,60.0,8.75,success
4994,Gamma,auth,alta,2.34,5.99,29,0,76.4,3.69,success
4995,Gamma,infra,media,5.29,6.79,96,0,82.2,5.96,success
4996,Alpha,db,critica,9.03,6.99,307,0,74.6,7.79,success
4997,Gamma,api,media,2.95,1.81,154,0,83.6,3.47,success
4998,Delta,ui,media,0.5,4.5,50,0,80.8,6.26,success
4999,Gamma,ui,baja,5.06,3.77,166,0,92.6,6.58,success
5000,Beta,auth,baja,2.14,2.98,91,1,55.5,11.2,success
2765,Alpha,api,baja,0.5,2.17,20,0,99.0,8.12,success
4768,Alpha,ui,baja,7.0,9.06,65,0,72.7,9.85,success
3815,Beta,ui,baja,0.5,1.3,34,0,74.5,8.2,success
3500,Beta,db,critica,5.9,3.97,14,0,50.6,7.05,success
2736,Alpha,ui,baja,0.5,4.4,22,0,88.0,7.58,success
3923,Beta,ui,media,0.5,0.57,19,0,49.7,4.91,success
2702,Delta,auth,alta,3.43,4.43,33,0,73.0,3.73,success
1180,Alpha,auth,media,2.8,3.22,32,0,70.5,9.42,success
933,Beta,infra,alta,8.95,9.26,126,0,85.6,5.93,success
793,Gamma,ui,media,6.49,6.66,147,0,69.5,7.42,success
1853,Beta,ui,baja,9.1,9.0,214,0,82.8,8.3,success
1186,Beta,auth,baja,3.04,2.62,26,0,81.7,7.86,success
1725,Gamma,auth,baja,4.59,1.67,59,0,71.9,5.19,success
4081,Delta,db,media,4.3,3.69,48,0,79.9,6.93,success
3824,Alpha,auth,alta,13.88,12.74,411,0,66.4,6.34,success
